nombre_evento,tipo_evento,fecha_inicio,fecha_finalizacion
34 Business & Economics Society International Conference B&ESI,CONGRESOS Y CONVENCIONES,2019-01-04,2019-01-07
EFICA 100 Otoño/Invierno,FERIAS Y EXPOSICIONES,2019-01-06,2019-01-08
Seminario de Oratoria Neuro – Experiencial y Presentaciones Ejecutivas,CONGRESOS Y CONVENCIONES,2019-01-19,2019-01-19
Encuentro de Mujeres Emprendedoras. Bellas y Poderosas,CONGRESOS Y CONVENCIONES,2019-01-19,2019-01-19
XIX Asamblea General de CIDALC Conferencia Interprovincial de los Dominicos de América Latina y El Caribe (COMPARTIRAN 1 DIA Y MEDIO CON LA Asamblea de CODALC),CONGRESOS Y CONVENCIONES,2019-01-27,2019-02-02
XVI General Assembly of CODALC 2019 (COMPARTEN 1 DIA Y MEDIO CON Asamblea de CIDALC),CONGRESOS Y CONVENCIONES,2019-01-31,2019-02-09
10º Congreso Argentino de Ilusionismo,CONGRESOS Y CONVENCIONES,2019-02-07,2019-02-10
1º Encuentro Latinoamericano sobre Nuevas Esclavitudes,CONGRESOS Y CONVENCIONES,2019-02-08,2019-02-11
Simposio Análisis Cuantitativo de Datos Lingüísticos,CONGRESOS Y CONVENCIONES,2019-02-09,2019-02-09
16ª Convención Nacional del Deporte,CONGRESOS Y CONVENCIONES,2019-02-12,2019-02-12
MABYN - Expo de Moda Infantil,FERIAS Y EXPOSICIONES,2019-02-16,2019-02-17
Congreso Argentino-Germano de Derecho Económico y Empresarial,CONGRESOS Y CONVENCIONES,2019-02-20,2019-02-22
Congreso Internacional El Poder Educativo del Ajedrez en el Siglo XXI,CONGRESOS Y CONVENCIONES,2019-02-21,2019-02-22
"2º Encuentro de Evangelización, Enseñanza Religiosa y Catequesis",CONGRESOS Y CONVENCIONES,2019-02-21,2019-02-22
6º Congreso Tendencias Escénicas,CONGRESOS Y CONVENCIONES,2019-02-26,2019-02-27
ISMA-OSAC Latin America Regional Conference 28th ISMA-OSAC joint conference,CONGRESOS Y CONVENCIONES,2019-03-03,2019-03-05
BAFWEEK 2019,FERIAS Y EXPOSICIONES,2019-03-06,2019-03-08
15º Mandinga Tattoo Show,FERIAS Y EXPOSICIONES,2019-03-08,2019-03-10
2º Encuentro Internacional de la Federación Latinoamericana de Distrofia Muscular,CONGRESOS Y CONVENCIONES,2019-03-08,2019-03-09
Encuentro de Delegados de la Pastoral Social,CONGRESOS Y CONVENCIONES,2019-03-08,2019-03-09
Jornada Nuevo Diagnóstico en Ortodoncia,CONGRESOS Y CONVENCIONES,2019-03-08,2019-03-08
Cumbre Vivir la Biblia 2019,CONGRESOS Y CONVENCIONES,2019-03-09,2019-03-09
EAC & AP 2019 - Encuentro de Catequistas y Agentes de Pastoral,CONGRESOS Y CONVENCIONES,2019-03-09,2019-03-09
21º Congreso Internacional de Tango Argentino CITA 2019,CONGRESOS Y CONVENCIONES,2019-03-10,2019-03-16
7th ELAEE Conferencia ALADEE / IAEE 7mo Encuentro Latinoamericano de Economía de la Energía,CONGRESOS Y CONVENCIONES,2019-03-10,2019-03-12
Jornadas de Investigación del ILH-,CONGRESOS Y CONVENCIONES,2019-03-11,2019-03-15
5° Simposio de Dermocosmiatría Antiage,CONGRESOS Y CONVENCIONES,2019-03-11,2019-03-11
32º Congreso Argentino de Química 2019,CONGRESOS Y CONVENCIONES,2019-03-12,2019-03-15
Exposicion de la moda y de las manufacturas del cuero y afines de la Republica Argentina  CEMCA,FERIAS Y EXPOSICIONES,2019-03-13,2019-03-16
Cafira Innova Otoño 2019,FERIAS Y EXPOSICIONES,2019-03-13,2019-03-16
Presentes 2019 Otoño 38ª Edición,FERIAS Y EXPOSICIONES,2019-03-13,2019-03-16
Conferencia “Solidaridad Democrática en América Latina”,CONGRESOS Y CONVENCIONES,2019-03-13,2019-03-15
Conference “Democracy in Latin America: threats and opportunities”   en el marco de la Conferencia de Solidaridad Democrática en América Latina,CONGRESOS Y CONVENCIONES,2019-03-13,2019-03-15
Baires joya otoño invierno,FERIAS Y EXPOSICIONES,2019-03-13,2019-03-15
Energyear,CONGRESOS Y CONVENCIONES,2019-03-13,2019-03-14
I Workshop Internacional de “Economía Circular e Innovación Social desde el Sur Global”,CONGRESOS Y CONVENCIONES,2019-03-13,2019-03-14
"29ª Jornada de Actualizaciones Terapéuticas, Dermatológicas y Estéticas",CONGRESOS Y CONVENCIONES,2019-03-14,2019-03-17
5º Expo Candy Bar,FERIAS Y EXPOSICIONES,2019-03-14,2019-03-16
Taller Stocks y Reposiciones: ¿Cómo calcularlos en mercados de inflación?,CONGRESOS Y CONVENCIONES,2019-03-14,2019-03-14
WIDS Bs As 2019 Global Women in Data Science Conference Conferencia Global de Mujeres en Ciencia de Datos,CONGRESOS Y CONVENCIONES,2019-03-15,2019-03-15
Jornadas de Injuria Renal Aguda,CONGRESOS Y CONVENCIONES,2019-03-15,2019-03-15
Seminario de Oratoria Neuro – Experiencial y Presentaciones Ejecutivas,CONGRESOS Y CONVENCIONES,2019-03-16,2019-03-16
3ª Jornada de Actualización Educativa,CONGRESOS Y CONVENCIONES,2019-03-16,2019-03-16
Jornada Hernia Inguinal Laparoscópica,CONGRESOS Y CONVENCIONES,2019-03-16,2019-03-16
Congreso Internacional Educación Integral Base de la Excelencia Educativa y la Paz,CONGRESOS Y CONVENCIONES,2019-03-18,2019-03-22
"Encuentro de Cultura, Arte y Arquitectura Indígena de las Américas",CONGRESOS Y CONVENCIONES,2019-03-18,2019-03-22
WS-LATC 2019    V Workshop Latinoamericano de Transplante Capilar Workshop de FUE (Folicullar Unit Excision),CONGRESOS Y CONVENCIONES,2019-03-18,2019-03-20
16º Encuentro Sur Global,CONGRESOS Y CONVENCIONES,2019-03-18,2019-03-19
Second High Level United Nations Conference on South-South Cooperation (BAPA + 40 Conference),CONGRESOS Y CONVENCIONES,2019-03-20,2019-03-22
Congreso ALADyR Buenos Aires 2019,CONGRESOS Y CONVENCIONES,2019-03-20,2019-03-21
Money Forbes Summit,CONGRESOS Y CONVENCIONES,2019-03-20,2019-03-20
Expo Golosinas,FERIAS Y EXPOSICIONES,2019-03-21,2019-03-22
Jornadas de Debate y Reflexión del Consumidor,CONGRESOS Y CONVENCIONES,2019-03-21,2019-03-21
9º Congreso Sudamericano de Prevención de Lavado de Activos y Financiamiento del Terrorismo,CONGRESOS Y CONVENCIONES,2019-03-21,2019-03-21
CI19: Conferencia de Comercio Internacional,CONGRESOS Y CONVENCIONES,2019-03-21,2019-03-21
7° Simposio Mercado de Capitales y Finanzas Corporativas,CONGRESOS Y CONVENCIONES,2019-03-21,2019-03-21
3rd Charcot Latinamerican Meeting,CONGRESOS Y CONVENCIONES,2019-03-22,2019-03-23
Jornadas de Actualización Medestética,CONGRESOS Y CONVENCIONES,2019-03-22,2019-03-23
Arduino Day 2019,CONGRESOS Y CONVENCIONES,2019-03-23,2019-03-23
3º APIBA Business English Annual Conference,CONGRESOS Y CONVENCIONES,2019-03-23,2019-03-23
Z Day 2019 Buenos Aires,CONGRESOS Y CONVENCIONES,2019-03-23,2019-03-23
"9ª Jornada de Neurociencias, Educación e Inteligencia Emocional",CONGRESOS Y CONVENCIONES,2019-03-23,2019-03-23
1ª Reunión de 2019 de COFESA,CONGRESOS Y CONVENCIONES,2019-03-25,2019-03-25
1º Simposio Cancer de Cólon 2019,CONGRESOS Y CONVENCIONES,2019-03-25,2019-03-25
Global Medical Engineering Physics Exchanges (GMEPE) and Pan American Health Care Exchanges (PAHCE) Conference 2019,CONGRESOS Y CONVENCIONES,2019-03-26,2019-03-31
Seminario Antimafia Italo-Argentino,CONGRESOS Y CONVENCIONES,2019-03-26,2019-03-29
Jornadas Enfoque Ecosistémico en la Pesca,CONGRESOS Y CONVENCIONES,2019-03-26,2019-03-27
Jornada Datos Abiertos de Justicia,CONGRESOS Y CONVENCIONES,2019-03-26,2019-03-26
Jornadas de Fundamentos y Aplicaciones de la Interdisciplina,CONGRESOS Y CONVENCIONES,2019-03-27,2019-03-29
Coloquio Desigualdades Antiguas,CONGRESOS Y CONVENCIONES,2019-03-27,2019-03-29
7º Coloquio del PEFSCEA,CONGRESOS Y CONVENCIONES,2019-03-27,2019-03-29
Taller de Gestión de Activos de Información,CONGRESOS Y CONVENCIONES,2019-03-27,2019-03-28
Insurtech Latam Forum,CONGRESOS Y CONVENCIONES,2019-03-27,2019-03-27
Jornada Día Mundial de la Tuberculosis,CONGRESOS Y CONVENCIONES,2019-03-27,2019-03-27
Jornadas Internacionales Desafíos Actuales en la Investigación Social sobre Italia en la Argentina,CONGRESOS Y CONVENCIONES,2019-03-28,2019-03-29
International Forum of Accounting Standard Setters (IFASS),CONGRESOS Y CONVENCIONES,2019-03-28,2019-03-29
11º Encuentro de Técnicos,CONGRESOS Y CONVENCIONES,2019-03-28,2019-03-29
Jornada Alianzas para la Localización de la Agenda 2030,CONGRESOS Y CONVENCIONES,2019-03-28,2019-03-28
4º Foro Argentino de Transformación Digital,CONGRESOS Y CONVENCIONES,2019-03-28,2019-03-28
Nuestros Perros 2019,FERIAS Y EXPOSICIONES,2019-03-29,2019-04-02
15ª Exposición Internacional Equina y de la Industria Hípica Nuestros Caballos.,FERIAS Y EXPOSICIONES,2019-03-29,2019-04-02
Buenos Aires International Dog Show,FERIAS Y EXPOSICIONES,2019-03-29,2019-04-01
Congreso Equino 2019,CONGRESOS Y CONVENCIONES,2019-03-29,2019-03-30
Mercado Fitness Expo y Conferencias,FERIAS Y EXPOSICIONES,2019-03-29,2019-03-30
Jornada de actualización en Enfermedad de Chagas y Sífilis,CONGRESOS Y CONVENCIONES,2019-03-29,2019-03-29
XII  Argentina Quality Summit LAQI,CONGRESOS Y CONVENCIONES,2019-03-29,2019-03-29
1º Foro de Infarto 2019,CONGRESOS Y CONVENCIONES,2019-03-29,2019-03-29
Jornadas del Manga y el Anime,CONGRESOS Y CONVENCIONES,2019-03-30,2019-03-31
WIDA International Symposium,CONGRESOS Y CONVENCIONES,2019-03-30,2019-03-31
Simposio Apertura Reunión conjunta con la Asociación de Alergia e Inmunología Clínica,CONGRESOS Y CONVENCIONES,2019-03-30,2019-03-30
2do Congreso Sudamericano de Extensiones de Pestañas y Concurso,CONGRESOS Y CONVENCIONES,2019-03-30,2019-03-30
12ª Jornada Internacional de Equinoterapia y Psicoterapia Asistida con Equinos,CONGRESOS Y CONVENCIONES,2019-04-01,2019-04-02
Talents Buenos Aires 2019,CONGRESOS Y CONVENCIONES,2019-04-02,2019-04-06
SACIL 2019 3º Congreso Internacional de Cirugía Ginecológica  IX Congreso Internacional Sociedad Argentina de Cirugía Laparoscópica,CONGRESOS Y CONVENCIONES,2019-04-03,2019-04-06
3rd UCLG Culture Summit  3ra Cumbre de la Cultura CGLU  III Cumbre Internacional de Ciudades Culturales,CONGRESOS Y CONVENCIONES,2019-04-03,2019-04-05
16º Workshop CAIDBA,CONGRESOS Y CONVENCIONES,2019-04-04,2019-04-06
Jornada de Intercambio Literatura Española,CONGRESOS Y CONVENCIONES,2019-04-04,2019-04-04
II Simposio de Educación Global,CONGRESOS Y CONVENCIONES,2019-04-04,2019-04-04
Congreso Internacional de Fotografía Internacional - Smile 2019,CONGRESOS Y CONVENCIONES,2019-04-05,2019-04-07
Executive MBA Workshops 2018,CONGRESOS Y CONVENCIONES,2019-04-05,2019-04-06
Nano Mutek 2019,CONGRESOS Y CONVENCIONES,2019-04-05,2019-04-06
Seminario Internacional de Anestesiología Pediátrica - SIAP 2019,CONGRESOS Y CONVENCIONES,2019-04-05,2019-04-06
Convención Latinoamericana de IGFA,CONGRESOS Y CONVENCIONES,2019-04-06,2019-04-06
Jornada El español y la Ciencia,CONGRESOS Y CONVENCIONES,2019-04-06,2019-04-06
20ª  Expo Cupcakes & Reposteria,FERIAS Y EXPOSICIONES,2019-04-06,2019-04-06
1º World Congress of Pediatric ENT in the 21st Century  1º Congreso Mundial de Otorrinolaringologia Pediátrico,CONGRESOS Y CONVENCIONES,2019-04-07,2019-04-10
Jornadas RN Actualización en Prótesis Oculares 2019,CONGRESOS Y CONVENCIONES,2019-04-07,2019-04-07
Simposio Internacional Warburg 2019,CONGRESOS Y CONVENCIONES,2019-04-08,2019-04-13
2nd C3S Data Rescue Service Capacity Building Workshop (evento previo al ACRE Meeting y que sigue su rotacion),CONGRESOS Y CONVENCIONES,2019-04-08,2019-04-10
"Primer Encuentro Latinoamericano de Resolución de Conflictos 4.0 ""Una disrupción ineludible""",CONGRESOS Y CONVENCIONES,2019-04-08,2019-04-09
Mining Investment South America Conference & Exhibition,CONGRESOS Y CONVENCIONES,2019-04-08,2019-04-09
FOSS4G 2019 -  Conferencia de Geomática Libre,CONGRESOS Y CONVENCIONES,2019-04-09,2019-04-12
9º Congreso Internacional de Ciencias Económicas,CONGRESOS Y CONVENCIONES,2019-04-09,2019-04-11
4ª Jornadas de Urología del Hospital Garrahan,CONGRESOS Y CONVENCIONES,2019-04-09,2019-04-11
10º Salón de maquinaria para la confeccion- CONFEMAQ . 9º Salón Internacional de Maquinaria y EMITEX,FERIAS Y EXPOSICIONES,2019-04-09,2019-04-11
World Free Zone Summit Buenos Aires 2019    World FZO Summit BA 2019  WFZO Regional Office LATAM SOUTH,CONGRESOS Y CONVENCIONES,2019-04-09,2019-04-10
Argentina Shale Gas and Oil Summit 2019,CONGRESOS Y CONVENCIONES,2019-04-09,2019-04-10
"2ª Jornadas de Estudios Sociales Sobre Delito, Violencia y Policía",CONGRESOS Y CONVENCIONES,2019-04-09,2019-04-10
8º Simposio de Telecomunicaciones,CONGRESOS Y CONVENCIONES,2019-04-09,2019-04-09
1ª Jornada de Ciberseguridad,CONGRESOS Y CONVENCIONES,2019-04-09,2019-04-09
Jornada Pre-AGA 2019,CONGRESOS Y CONVENCIONES,2019-04-09,2019-04-09
SPL 2019 X Southern Programmable Logic Conference,CONGRESOS Y CONVENCIONES,2019-04-10,2019-04-12
10º Congreso Argentino de Tecnología Espacial,CONGRESOS Y CONVENCIONES,2019-04-10,2019-04-12
ExpoEFI 2019,FERIAS Y EXPOSICIONES,2019-04-10,2019-04-11
1º Simposio Milar,CONGRESOS Y CONVENCIONES,2019-04-10,2019-04-10
Seminario ZMA Argentina 2019,CONGRESOS Y CONVENCIONES,2019-04-10,2019-04-10
11º Encuentro Cedol,CONGRESOS Y CONVENCIONES,2019-04-10,2019-04-10
ArteBA 2019,FERIAS Y EXPOSICIONES,2019-04-11,2019-04-14
13º Expohobby,FERIAS Y EXPOSICIONES,2019-04-11,2019-04-14
Jornadas Internacionales Atención Integral y Centrada en la Persona,CONGRESOS Y CONVENCIONES,2019-04-11,2019-04-13
2º Simposio de Ventilación no Invasiva,CONGRESOS Y CONVENCIONES,2019-04-11,2019-04-13
Feria infantil del libro y la tecnología T-Leo Veo,FERIAS Y EXPOSICIONES,2019-04-11,2019-04-13
Nuclear Industry Summit Latin America NISLA,CONGRESOS Y CONVENCIONES,2019-04-11,2019-04-12
12th ACRE Meeting--(que se hace a continuación de 2nd C3S Data Rescue Service Capacity Building Workshop y siguen la misma rotación),CONGRESOS Y CONVENCIONES,2019-04-11,2019-04-12
Jornadas Estadounidenses y Latinas de Hematología,CONGRESOS Y CONVENCIONES,2019-04-11,2019-04-12
Jornadas Nacionales Cannabis Medicina Legal y Defensa Legal,CONGRESOS Y CONVENCIONES,2019-04-11,2019-04-12
6º Simposio Internacional Del sur al mundo en 2030,CONGRESOS Y CONVENCIONES,2019-04-11,2019-04-12
10º Simposio Más Allá de las Fronteras del Intervencionismo Cardiovascular,CONGRESOS Y CONVENCIONES,2019-04-11,2019-04-12
17º Congreso de la Asociación Argentina de Traumatología del Deporte,CONGRESOS Y CONVENCIONES,2019-04-11,2019-04-12
Simposio Internacional Avances en Urología 2019,CONGRESOS Y CONVENCIONES,2019-04-11,2019-04-12
Jornada Art Nouveau y Art Deco,CONGRESOS Y CONVENCIONES,2019-04-11,2019-04-11
6ª Jornada de Medicina Narrativa,CONGRESOS Y CONVENCIONES,2019-04-11,2019-04-11
"15ª Jornada de Trabajo Ingeniería, IT & Sistemas",CONGRESOS Y CONVENCIONES,2019-04-11,2019-04-11
Encuentro Argentino - Venezolano de Ciencias Económicas,CONGRESOS Y CONVENCIONES,2019-04-12,2019-04-12
12ª Conferencia Internacional sobre avances en Epoc,CONGRESOS Y CONVENCIONES,2019-04-12,2019-04-12
Expo Gatos 2019,FERIAS Y EXPOSICIONES,2019-04-13,2019-04-14
NSConf,CONGRESOS Y CONVENCIONES,2019-04-13,2019-04-13
2ª Jornadas de Traducción Especializada,CONGRESOS Y CONVENCIONES,2019-04-13,2019-04-13
29º Congreso Argentino de Medicina Estética,CONGRESOS Y CONVENCIONES,2019-04-15,2019-04-16
Simposio Multidisciplinario de Cáncer de Mama,CONGRESOS Y CONVENCIONES,2019-04-15,2019-04-15
Feria de Estudios en el Exterior - Eduexpos,FERIAS Y EXPOSICIONES,2019-04-15,2019-04-15
Seminario Internacional de Logística para eCommerce,CONGRESOS Y CONVENCIONES,2019-04-16,2019-04-17
Workshop – Gestión de Riesgos de TI,CONGRESOS Y CONVENCIONES,2019-04-17,2019-04-19
12° Seminario Pymes Buenos Aires,CONGRESOS Y CONVENCIONES,2019-04-17,2019-04-17
2º Congreso Universitario de Formación en Traducción e Interpretación,CONGRESOS Y CONVENCIONES,2019-04-22,2019-04-24
Jornadas Profesionales para Ilustradores,CONGRESOS Y CONVENCIONES,2019-04-23,2019-04-26
Jornada de Derecho de Autor en el Mundo Editorial,CONGRESOS Y CONVENCIONES,2019-04-23,2019-04-26
14ª Jornadas de Filosofía Medieval,CONGRESOS Y CONVENCIONES,2019-04-23,2019-04-26
4ª Jornadas de Edición Universitaria,CONGRESOS Y CONVENCIONES,2019-04-23,2019-04-25
MindCare 2019 - 9th EAI International Conference on Pervasive Computing Paradigms for Mental Health  9° Congreso Internacional Nuevas Tecnologías en Salud Mental,CONGRESOS Y CONVENCIONES,2019-04-23,2019-04-24
1ª Jornadas de Formación Docente,CONGRESOS Y CONVENCIONES,2019-04-23,2019-04-24
Jornada Laboratorio de la Agenda Emergente,CONGRESOS Y CONVENCIONES,2019-04-23,2019-04-23
Segurinfo Argentina 2019,CONGRESOS Y CONVENCIONES,2019-04-23,2019-04-23
5ª Jornadas de Traducción en el Ámbito Editorial,CONGRESOS Y CONVENCIONES,2019-04-24,2019-04-26
"8º Congreso Latinoamericano IFSOLAC  8º Congreso Latinoamericano de Cirugía de la Federación Internacional de Cirugía de la Obesidad  8 Latin American Congress of the International Federation of Surgery of Obesity IFSO   (IFSOLAC Sociedad Arg de Cirugía de la Obesidad, Enfermedad Metabólica y otra relacionadas con la obesidad. Cirugía bariátrica)",CONGRESOS Y CONVENCIONES,2019-04-24,2019-04-26
ExpoEventos 2019,FERIAS Y EXPOSICIONES,2019-04-24,2019-04-26
Conferencia Usuarios GIS 2019,CONGRESOS Y CONVENCIONES,2019-04-24,2019-04-25
Smart City Congreso y Expo Buenos Aires,FERIAS Y EXPOSICIONES,2019-04-24,2019-04-25
45ª Feria Internacional del Libro,FERIAS Y EXPOSICIONES,2019-04-25,2019-05-13
Conferencia Internacional sobre el Ritmo en el Arte 2019,CONGRESOS Y CONVENCIONES,2019-04-25,2019-04-27
Jornada AAPPG 2019,CONGRESOS Y CONVENCIONES,2019-04-25,2019-04-27
4ª Jornadas Internacionales de Medicina Materno-Fetal y Nuevas Tecnologías,CONGRESOS Y CONVENCIONES,2019-04-25,2019-04-27
I Encuentro de ILERA de las Américas,CONGRESOS Y CONVENCIONES,2019-04-25,2019-04-26
I Conferencia Internacional sobre el Ritmo en el Arte 2019,CONGRESOS Y CONVENCIONES,2019-04-25,2019-04-26
11º Curso Internacional de Otoño AGA-SAGE,CONGRESOS Y CONVENCIONES,2019-04-25,2019-04-26
Foro Ambiental sobre Energías Limpias,CONGRESOS Y CONVENCIONES,2019-04-25,2019-04-25
3º Foro Internacional de Expertos en Turismo de Reuniones,CONGRESOS Y CONVENCIONES,2019-04-25,2019-04-25
5° Encuentro RSEvial,CONGRESOS Y CONVENCIONES,2019-04-25,2019-04-25
Jornadas Internacionales de Educación,CONGRESOS Y CONVENCIONES,2019-04-26,2019-04-27
2º Simposio Argentino de Cardio-Oncología,CONGRESOS Y CONVENCIONES,2019-04-26,2019-04-27
Jornada de Ciberseguridad,CONGRESOS Y CONVENCIONES,2019-04-26,2019-04-26
Simposio Arte y cultura en los Antiguos Pueblos de América,CONGRESOS Y CONVENCIONES,2019-04-26,2019-04-26
1º Congreso Latinoamericano de Periodismo Móvil,CONGRESOS Y CONVENCIONES,2019-04-26,2019-04-26
Encuentro Latinoamericano de la AIAF Asociación Internacional de Abogados del Fútbol,CONGRESOS Y CONVENCIONES,2019-04-26,2019-04-26
2° Simposio Internacional de Actualización en Patología Hipofisaria,CONGRESOS Y CONVENCIONES,2019-04-26,2019-04-26
5º Congreso Internacional de Profesionales de Spa y Bienestar,CONGRESOS Y CONVENCIONES,2019-04-28,2019-04-30
ICBA SUMMIT Latam CTO,CONGRESOS Y CONVENCIONES,2019-04-29,2019-04-30
Foro Internacional de Enseñanza de Ciencias y Tecnologías,CONGRESOS Y CONVENCIONES,2019-04-29,2019-04-30
2ª Jornadas de Intercambio y Reflexión sobre Didáctica del Lenguaje,CONGRESOS Y CONVENCIONES,2019-04-29,2019-04-30
3ª Jornada sobre Genocidio Armenio y Shoá,CONGRESOS Y CONVENCIONES,2019-04-29,2019-04-29
Diálogo de Escritores Argentinos,CONGRESOS Y CONVENCIONES,2019-05-01,2019-05-03
IX Asamblea Nacional General ANG IFMSA,CONGRESOS Y CONVENCIONES,2019-05-02,2019-05-05
ANTEA 11º Convención LATAM,CONGRESOS Y CONVENCIONES,2019-05-02,2019-05-03
5º Congreso de la Asociación Argentina de Ortopedia Oncológia,CONGRESOS Y CONVENCIONES,2019-05-02,2019-05-03
2ª Jornadas de Residentes y Concurrentes del Hospital Pirovano,CONGRESOS Y CONVENCIONES,2019-05-02,2019-05-02
24º Encuentro Internacional de Narración Oral,CONGRESOS Y CONVENCIONES,2019-05-03,2019-05-05
12° Encuentro Internacional de Educación Infantil OMEP,CONGRESOS Y CONVENCIONES,2019-05-03,2019-05-05
Jornada COWAP Latinoamérica,CONGRESOS Y CONVENCIONES,2019-05-03,2019-05-04
III Encuentro Latinoamericano de Dermatología Pediátrica,CONGRESOS Y CONVENCIONES,2019-05-03,2019-05-03
Workshop o Internacional de Lípidos en Medicina,CONGRESOS Y CONVENCIONES,2019-05-03,2019-05-03
Jornada de Fibrosis Pulmonar Idiopática,CONGRESOS Y CONVENCIONES,2019-05-03,2019-05-03
XXXVII RADLA Reunión Anual de Dermatólogos Latinoamericanos,CONGRESOS Y CONVENCIONES,2019-05-04,2019-05-07
Simposio de la Sociedad Argentina de Periodontología,CONGRESOS Y CONVENCIONES,2019-05-04,2019-05-04
Jornada La Experiencia del Cuerpo en Análisis,CONGRESOS Y CONVENCIONES,2019-05-04,2019-05-04
Simposio SAP SEPI,CONGRESOS Y CONVENCIONES,2019-05-04,2019-05-04
Seminario de Oratoria Neuro – Experiencial y Presentaciones Ejecutivas,CONGRESOS Y CONVENCIONES,2019-05-04,2019-05-04
International Labor and Employment Law Committee Midyear Meeting,CONGRESOS Y CONVENCIONES,2019-05-05,2019-05-09
Emotions Travel Comunity 2019,FERIAS Y EXPOSICIONES,2019-05-05,2019-05-08
Encuentro Internacional de Arte Decorativo ENIARTE (Primavera),CONGRESOS Y CONVENCIONES,2019-05-06,2019-05-09
Expo UADE 2019,FERIAS Y EXPOSICIONES,2019-05-07,2019-05-10
Semana de Acceso a la Justicia,CONGRESOS Y CONVENCIONES,2019-05-07,2019-05-09
6º Simposio Internacional de Innovación en Medios Interactivos SIIMI 2019,CONGRESOS Y CONVENCIONES,2019-05-07,2019-05-09
Arminera 2019  Exposición Internacional de la Industria Minera,FERIAS Y EXPOSICIONES,2019-05-07,2019-05-09
1º Foro Nacional Agrario,CONGRESOS Y CONVENCIONES,2019-05-07,2019-05-08
4ª Expo Vinos & Negocios,FERIAS Y EXPOSICIONES,2019-05-07,2019-05-08
65° Foro de la Comisión Interamericana para el Control del Abuso de Drogas,CONGRESOS Y CONVENCIONES,2019-05-07,2019-05-07
7º NeoWorkShop Federal de Turismo,FERIAS Y EXPOSICIONES,2019-05-07,2019-05-07
6ª Jornadas Latinoamericanas de Investigación y Crítica Teatral de AINCRIT,CONGRESOS Y CONVENCIONES,2019-05-08,2019-05-11
2º Congreso Mundial de Terapia Existencial  2ºWorld Congress for Existential Therapy,CONGRESOS Y CONVENCIONES,2019-05-08,2019-05-11
Jornada de Emergencia Hospital Tornú,CONGRESOS Y CONVENCIONES,2019-05-08,2019-05-09
Expo Construir 2019,FERIAS Y EXPOSICIONES,2019-05-08,2019-05-09
3º Congreso Internacional de Literatura Francesa y Francófona,CONGRESOS Y CONVENCIONES,2019-05-09,2019-05-11
5º Congreso Argentino de Fibrosis Quística,CONGRESOS Y CONVENCIONES,2019-05-09,2019-05-11
7º Congreso Argentino de Derecho Ambiental,CONGRESOS Y CONVENCIONES,2019-05-09,2019-05-10
"IV Mitín Internacional de Asma, Alergia e Inmunología",CONGRESOS Y CONVENCIONES,2019-05-09,2019-05-10
7º Simposio de Epilepsia - FLENI,CONGRESOS Y CONVENCIONES,2019-05-09,2019-05-10
19ª Jornadas Nacionales de Tecnología Aplicada a la Educación Matemática Universitaria,CONGRESOS Y CONVENCIONES,2019-05-09,2019-05-10
Enfoque Multidisciplinario del Cáncer de Pulmón 2019,CONGRESOS Y CONVENCIONES,2019-05-09,2019-05-10
Encuentro Internacional de Química y Petroquímica,CONGRESOS Y CONVENCIONES,2019-05-09,2019-05-09
Jornada de Trabajo Económicas y Empresariales 2019,CONGRESOS Y CONVENCIONES,2019-05-09,2019-05-09
IV Congreso Latinoamericano de Cultura Viva Comunitaria,CONGRESOS Y CONVENCIONES,2019-05-10,2019-05-18
12º Jornadas Joseph Sandler,CONGRESOS Y CONVENCIONES,2019-05-10,2019-05-12
5º Congreso Internacional para Directivos de Instituciones Educativas,CONGRESOS Y CONVENCIONES,2019-05-10,2019-05-11
21º Congreso Internacional de Promoción de la Lectura y el Libro,CONGRESOS Y CONVENCIONES,2019-05-10,2019-05-11
40th International Scientific Conference on Economic and Social Development,CONGRESOS Y CONVENCIONES,2019-05-10,2019-05-11
Jornada de Hipertensión Pulmonar y Trasplante Intorácico,CONGRESOS Y CONVENCIONES,2019-05-10,2019-05-10
Encuentro Latinoamericano Resistencias,CONGRESOS Y CONVENCIONES,2019-05-10,2019-05-10
Foro de Regeneración Oral 2019,CONGRESOS Y CONVENCIONES,2019-05-10,2019-05-10
Congreso Nacional de Criminología y Criminalista Mentes Asesinas 2019,CONGRESOS Y CONVENCIONES,2019-05-10,2019-05-10
14.º Congreso Argentino de Go,CONGRESOS Y CONVENCIONES,2019-05-11,2019-05-12
Congreso del Método Pilates,CONGRESOS Y CONVENCIONES,2019-05-11,2019-05-12
XII Congreso de la Sociedad Latinoamericana de Errores Innatos del Metabolismo y Pesquisa Neonatal   Latin American Society Inborn Errors and Neonatal Screening SLEIMPN,CONGRESOS Y CONVENCIONES,2019-05-12,2019-05-15
Jornadas Veterinarias 2019,CONGRESOS Y CONVENCIONES,2019-05-12,2019-05-13
Expo Teen´s Party 2019,FERIAS Y EXPOSICIONES,2019-05-12,2019-05-12
Exposicion Internacional de Proovedores de la Industria del calzado y Manufacturas - EXPOCAIPIC.,FERIAS Y EXPOSICIONES,2019-05-14,2019-05-16
NexTv Summit South America 2019,CONGRESOS Y CONVENCIONES,2019-05-14,2019-05-15
18º Encuentro Nacional Retailer,CONGRESOS Y CONVENCIONES,2019-05-14,2019-05-14
Seminario de Economía de la Energía,CONGRESOS Y CONVENCIONES,2019-05-15,2019-05-17
5º Encuentro Latinoamericano de Investigadores en Ciencias Jurídicas y Económicas - ELICJE 2019,CONGRESOS Y CONVENCIONES,2019-05-15,2019-05-17
22nd Annual IBA Transnational Crime Conference,CONGRESOS Y CONVENCIONES,2019-05-15,2019-05-17
Seminario Latinoamericano de Seguros y Reaseguros,CONGRESOS Y CONVENCIONES,2019-05-15,2019-05-16
Jornada Perspectivas de las Telecomunicaciones,CONGRESOS Y CONVENCIONES,2019-05-15,2019-05-15
4º Simposio de Cardiopatia Isquémica,CONGRESOS Y CONVENCIONES,2019-05-15,2019-05-15
4ª Jornada InnovaTur BA 2019,CONGRESOS Y CONVENCIONES,2019-05-15,2019-05-15
2º Congreso COFyBCF,CONGRESOS Y CONVENCIONES,2019-05-16,2019-05-18
3º Encuentro de Redes IberCultura Viva,CONGRESOS Y CONVENCIONES,2019-05-16,2019-05-17
15° Encuentro de Jóvenes Profesionales en Ciencias Económicas,CONGRESOS Y CONVENCIONES,2019-05-16,2019-05-17
4º Best of Astro,CONGRESOS Y CONVENCIONES,2019-05-16,2019-05-17
Jornadas Celulósico Papeleras 2019,CONGRESOS Y CONVENCIONES,2019-05-16,2019-05-17
Simposio Enfermedades Desmielinizantes de Inicio Pediátrico,CONGRESOS Y CONVENCIONES,2019-05-16,2019-05-17
Internet Day 2019,CONGRESOS Y CONVENCIONES,2019-05-16,2019-05-17
Jornadas Internacionales de Patología Quirúrgica Práctica 2019,CONGRESOS Y CONVENCIONES,2019-05-16,2019-05-17
Owasp Latam Buenos Aires 2019,CONGRESOS Y CONVENCIONES,2019-05-16,2019-05-16
Experiencia Endeavor Buenos Aires 2019,CONGRESOS Y CONVENCIONES,2019-05-16,2019-05-16
Expo Candy,FERIAS Y EXPOSICIONES,2019-05-17,2019-05-19
Jornada Porteña de Diversidad Sexual,CONGRESOS Y CONVENCIONES,2019-05-17,2019-05-17
Jornadas de Actualización en Diabetes,CONGRESOS Y CONVENCIONES,2019-05-17,2019-05-17
13ª Conferencia Regional de Compatriotas Rusos de las Américas y el Pacífico,CONGRESOS Y CONVENCIONES,2019-05-17,2019-05-17
38° Congreso Internacional de Metafísica,CONGRESOS Y CONVENCIONES,2019-05-18,2019-05-19
2ª Jornada de Actualización en Dermato-Cosmética,CONGRESOS Y CONVENCIONES,2019-05-19,2019-05-19
2019 AMA Global Marketing SIG Conference,CONGRESOS Y CONVENCIONES,2019-05-20,2019-05-23
XXI Conferencia Interamericana de la Cruz Roja,CONGRESOS Y CONVENCIONES,2019-05-20,2019-05-23
4ª Jornadas Nacionales de Auxología,CONGRESOS Y CONVENCIONES,2019-05-20,2019-05-22
"10° Congreso Argentino de Salud Integral del Adolescente   EN EL MARCO DE LA SEMANA DE CONGRESOS Y JORNADAS NACIONALES  2019
2° Congreso Argentino De Medicina Interna Pediátrica  10° Congreso Argentino De Salud Integral Del Adolescente 4° Jornadas Nacionales De Auxología - 1° Jornadas Nacionales de Desarrollo  4° Congreso Argentino de Neonatología  1° Congreso Argentino de Alergia e Inmunología en Pediatría   5° Jornadas Nacionales de Actividad Física y Deportiva en el Niño y el Adolescente
1° Jornada Nacional de Ética y Humanidades",CONGRESOS Y CONVENCIONES,2019-05-20,2019-05-22
2º Congreso Argentino de Medicina Interna Pediátrica,CONGRESOS Y CONVENCIONES,2019-05-20,2019-05-22
5ª Jornadas de Derecho Tributario,CONGRESOS Y CONVENCIONES,2019-05-20,2019-05-21
1ª Jornada de Engorde a Corral,CONGRESOS Y CONVENCIONES,2019-05-20,2019-05-20
14º Congreso Iberoamericano de Derecho Constitucional,CONGRESOS Y CONVENCIONES,2019-05-21,2019-05-23
"7º Congreso de Creatividad, Diseño y Comunicación  - Interfaces 2019",CONGRESOS Y CONVENCIONES,2019-05-21,2019-05-22
Simposio Nuevas preguntas y Respuestas y en Enfermedad Coronaria,CONGRESOS Y CONVENCIONES,2019-05-21,2019-05-21
Congreso Nacional ACETIA 2019,CONGRESOS Y CONVENCIONES,2019-05-21,2019-05-21
Jornada de Seguros Buenos Aires 2019,CONGRESOS Y CONVENCIONES,2019-05-21,2019-05-21
BATEV 19,FERIAS Y EXPOSICIONES,2019-05-22,2019-05-25
5ª Jornadas Nacionales de Actividad Física y Deportiva en el Niño y el Adolescente,CONGRESOS Y CONVENCIONES,2019-05-22,2019-05-24
1° Congreso Argentino de Alergia e Inmunología en Pediatría,CONGRESOS Y CONVENCIONES,2019-05-22,2019-05-24
4° Congreso Argentino de Neonatología,CONGRESOS Y CONVENCIONES,2019-05-22,2019-05-24
Simposio de Recuperación Cardiovascular,CONGRESOS Y CONVENCIONES,2019-05-22,2019-05-22
Foro Argentino de Inversores,CONGRESOS Y CONVENCIONES,2019-05-22,2019-05-22
Seminario de Liderazgo y Conducción Interna de las FFAA,CONGRESOS Y CONVENCIONES,2019-05-22,2019-05-22
2ª Jornada Anual de Turismo y Salud,CONGRESOS Y CONVENCIONES,2019-05-22,2019-05-22
13º Comin Forum Regional,CONGRESOS Y CONVENCIONES,2019-05-23,2019-05-24
Foro Argentina Exporta 2019,CONGRESOS Y CONVENCIONES,2019-05-23,2019-05-24
1º Encuentro de reflexión sobre Relaciones Internacionales,CONGRESOS Y CONVENCIONES,2019-05-23,2019-05-24
Jornada de Ciencia Política,CONGRESOS Y CONVENCIONES,2019-05-23,2019-05-23
Congreso de Gestión de Capital Humano Internacional,CONGRESOS Y CONVENCIONES,2019-05-23,2019-05-23
2nd IFLA President's Meeting  2da IFLA Reunión Presidencial,CONGRESOS Y CONVENCIONES,2019-05-23,2019-05-23
1ª Jornada Nacional de Ética y Humanidades,CONGRESOS Y CONVENCIONES,2019-05-23,2019-05-23
CW Australia Educa - Feria de Entidades Educativas Australianas,FERIAS Y EXPOSICIONES,2019-05-23,2019-05-23
Argentina Comic-Con 2019,FERIAS Y EXPOSICIONES,2019-05-24,2019-05-26
12º Día Limud BA,CONGRESOS Y CONVENCIONES,2019-05-26,2019-05-26
Encuentro Sudamericano de la International Society for Plastination ISP,CONGRESOS Y CONVENCIONES,2019-05-27,2019-05-31
"17º Simposio Iberolatinoamericano de Terminología Anatómica, Histológica y Embriológica SILAT     (en conjunto con el XIX Congreso Panamericano de Anatomía)",CONGRESOS Y CONVENCIONES,2019-05-27,2019-05-31
21 Congreso de Anatomía del Cono Sur (en conjunto con el XIX Congreso Panamericano de Anatomía),CONGRESOS Y CONVENCIONES,2019-05-27,2019-05-31
"XIX Congreso Panamericano de Anatomia (evento ICCA)     7º Congreso Internacional de Anatomía 
56º Congreso Argentino de Anatomía    40º Congreso Chileno de Anatomía  1º Congreso Ecuatoriano de Ciencias Morfológicas  17º Simposio Iberolatinoamericano de Terminología Anatómica, Histológica y Embryológica (ESTE ES OTRO ICCA DISTINTO QUE LO CARGUE **POR SEPARADO***),  21º Congreso de Anatomía del Cono Sur (ESTE ES OTRO ICCA MAS QUE TAMBIEN LO CARGUE **LOS 3 POR SEPARADO**). -SON 3 eventos ICCA-   7º Congreso Argentino de Técnicas Anatómicas  11º Jornadas Argentinas de Anatomía para Estudiantes de Ciencias de la Salud            . Encuentro Sudamericano de la International Society for Plastination ISP (tambien cargado por separado es posible icca).",CONGRESOS Y CONVENCIONES,2019-05-27,2019-05-31
Seminario Internacional del Derecho al Agua al Derecho al Futuro,CONGRESOS Y CONVENCIONES,2019-05-27,2019-05-30
9ª Conferencia Anual de Salud Ocupacional,CONGRESOS Y CONVENCIONES,2019-05-27,2019-05-27
Foro Latinoamericano Derechos de Infancia Argentina,CONGRESOS Y CONVENCIONES,2019-05-27,2019-05-27
Congreso MAIZAR 2019,CONGRESOS Y CONVENCIONES,2019-05-28,2019-05-28
4º Seminario Anual de Capacitación IAATI,CONGRESOS Y CONVENCIONES,2019-05-29,2019-05-31
Conferencia Latinoamericana de INTERPOL sobre Delitos Relacionados con Vehículos,CONGRESOS Y CONVENCIONES,2019-05-29,2019-05-31
Evento de Prueba,CONGRESOS Y CONVENCIONES,2019-05-29,2019-05-31
X Congreso Panamericano de Esterilización Hospitalaria,CONGRESOS Y CONVENCIONES,2019-05-29,2019-05-31
11º Exposición Internacional de Limpieza e Higiene Profesional - Expoclean 2019,FERIAS Y EXPOSICIONES,2019-05-29,2019-05-31
46th General Assembly of The Geneva Association 46º Asamblea Anual de la Asociación de Ginebra,CONGRESOS Y CONVENCIONES,2019-05-29,2019-05-30
64th Annual Conference of the International Linguistic,CONGRESOS Y CONVENCIONES,2019-05-30,2019-06-01
8ª Jornadas Nacionales de la Defensa Pública Oficial,CONGRESOS Y CONVENCIONES,2019-05-30,2019-05-31
3ª Media Jornada sobre Administración Pública,CONGRESOS Y CONVENCIONES,2019-05-30,2019-05-30
Hackaton de Datos Educativos,CONGRESOS Y CONVENCIONES,2019-05-31,2019-06-02
2º Hackatón de Datos Educativos,CONGRESOS Y CONVENCIONES,2019-05-31,2019-06-02
Encuentro de Otoño de Psicoanálisis Universidad Maimónides,CONGRESOS Y CONVENCIONES,2019-06-01,2019-06-01
Conferencia Dakar 2020 Buenos aires,CONGRESOS Y CONVENCIONES,2019-06-01,2019-06-01
5ª Jornadas Nacionales de Clínica con Niñxs y Adolescentes,CONGRESOS Y CONVENCIONES,2019-06-01,2019-06-01
FITHEP Expoalimentaria Latinoamericana 2019,FERIAS Y EXPOSICIONES,2019-06-03,2019-06-06
Foro Regional Planes Nacionales de Acción y Políticas Públicas en Empresas y Derechos Humanos,CONGRESOS Y CONVENCIONES,2019-06-03,2019-06-04
Foro de Vivienda Sustentable,CONGRESOS Y CONVENCIONES,2019-06-03,2019-06-04
1º Congreso de Periodismo Digital,CONGRESOS Y CONVENCIONES,2019-06-04,2019-06-04
NANO 2019 XIX Encuentro de superficies y materiales nanoestructurados,CONGRESOS Y CONVENCIONES,2019-06-05,2019-06-07
5° Simposio Latinoamericano de Posicionamiento en Sentado y Movilidad,CONGRESOS Y CONVENCIONES,2019-06-05,2019-06-07
MMA Leadership Forum Argentina,CONGRESOS Y CONVENCIONES,2019-06-05,2019-06-05
Congreso Argentino de Liderazgo y Coaching,CONGRESOS Y CONVENCIONES,2019-06-05,2019-06-05
XIII Feria y Exposición del Libro de Historia de la Ciudad,FERIAS Y EXPOSICIONES,2019-06-06,2019-06-13
Seminario en Latinoamérica de Teoría Constitucional y Política—the Seminar in Latin America on Constitutional and Political Theory SELA,CONGRESOS Y CONVENCIONES,2019-06-06,2019-06-09
Encuentro Nacional de Auditores Internos - ENAI 2019,CONGRESOS Y CONVENCIONES,2019-06-06,2019-06-07
35º Congreso Latinoamericano de Comercio Exterior - CLACE,CONGRESOS Y CONVENCIONES,2019-06-06,2019-06-07
1º Seminario La Ciberdefensa en la República Argentina,CONGRESOS Y CONVENCIONES,2019-06-06,2019-06-07
11º Congreso Argentino de Medicina de Emergencias,CONGRESOS Y CONVENCIONES,2019-06-06,2019-06-07
10º Encuentro Internacional de Trabajo Social,CONGRESOS Y CONVENCIONES,2019-06-06,2019-06-07
Congreso Nacional de Crédito,CONGRESOS Y CONVENCIONES,2019-06-06,2019-06-06
Nuevo Dinero,CONGRESOS Y CONVENCIONES,2019-06-06,2019-06-06
Simposio Universitario de Gastroenterología y Hepatología,CONGRESOS Y CONVENCIONES,2019-06-06,2019-06-06
Congreso Regional de Interacción con Clientes 2019,CONGRESOS Y CONVENCIONES,2019-06-06,2019-06-06
1° Simposio Internacional de Pádel,CONGRESOS Y CONVENCIONES,2019-06-07,2019-06-09
5º Congreso Internacional sobre Problemáticas en Salud y Educación,CONGRESOS Y CONVENCIONES,2019-06-07,2019-06-09
Jornada Cuenca del Plata ENDIBA,CONGRESOS Y CONVENCIONES,2019-06-07,2019-06-07
17º Seminario Intensivo de Trastornos de Ansiedad,CONGRESOS Y CONVENCIONES,2019-06-07,2019-06-07
Jornada Escolaridad y Educación para niños y jóvenes con Síndrome de Williams,CONGRESOS Y CONVENCIONES,2019-06-07,2019-06-07
3ª Jornada Día Mundial de los Océanos,CONGRESOS Y CONVENCIONES,2019-06-07,2019-06-07
Evento SILKEY,FERIAS Y EXPOSICIONES,2019-06-08,2019-06-11
Virtuality Buenos Aires,FERIAS Y EXPOSICIONES,2019-06-08,2019-06-09
Buona Estetika 2019,FERIAS Y EXPOSICIONES,2019-06-08,2019-06-09
2ª Jornada de Nutrición Celíaca y Biomédica,CONGRESOS Y CONVENCIONES,2019-06-08,2019-06-08
3ª Jornada de Actualización Dificultades de Aprendizaje,CONGRESOS Y CONVENCIONES,2019-06-08,2019-06-08
12th Annual IAIS Global Seminar  International Association of Insurance Supervisors,CONGRESOS Y CONVENCIONES,2019-06-10,2019-06-14
Ejercicio de Gabinete Multilateral de Contraproliferación PSI 2019,CONGRESOS Y CONVENCIONES,2019-06-11,2019-06-13
3ª Expo Fuego Argentina,FERIAS Y EXPOSICIONES,2019-06-11,2019-06-13
18ª Jornadas de Cardiología,CONGRESOS Y CONVENCIONES,2019-06-11,2019-06-12
Seminario CPIC - Eficiencia Energética,CONGRESOS Y CONVENCIONES,2019-06-11,2019-06-11
Social Media Day Buenos Aires 2019,CONGRESOS Y CONVENCIONES,2019-06-11,2019-06-11
10º Foro de Tecnologías de la Información y la Salud - Foro IT Salud 2019,CONGRESOS Y CONVENCIONES,2019-06-11,2019-06-11
"IX Reunión de los Mecanismos Internacionales para la
Asistencia Humanitaria MIAH",CONGRESOS Y CONVENCIONES,2019-06-12,2019-06-14
37º Congreso Argentino de Obstetricia y Ginecología - SOGIBA,CONGRESOS Y CONVENCIONES,2019-06-12,2019-06-14
156º La Revolución Móvil,CONGRESOS Y CONVENCIONES,2019-06-12,2019-06-13
Encuentro sobre Estrategias Ambientales,CONGRESOS Y CONVENCIONES,2019-06-12,2019-06-12
5º Foro InverTUR,CONGRESOS Y CONVENCIONES,2019-06-12,2019-06-12
XI Jornadas Rioplatenses de Tributación,CONGRESOS Y CONVENCIONES,2019-06-13,2019-06-14
Forum Iberoamericano de Neurociencia Cognitiva,CONGRESOS Y CONVENCIONES,2019-06-13,2019-06-14
Coloquio de Investigación Educativa en Argentina,CONGRESOS Y CONVENCIONES,2019-06-13,2019-06-14
Conferencias Internacionales de Veterinaria Equina,CONGRESOS Y CONVENCIONES,2019-06-13,2019-06-14
25ª Jornadas Científicas de la Magistratura Argentina,CONGRESOS Y CONVENCIONES,2019-06-13,2019-06-14
3º Congreso de Gestión de Activos y ​Mantenimiento,CONGRESOS Y CONVENCIONES,2019-06-13,2019-06-14
Congreso del Instituto Argentino de Ejecutivos de Finanzas,CONGRESOS Y CONVENCIONES,2019-06-13,2019-06-13
Encuentro Anual FAPLA,CONGRESOS Y CONVENCIONES,2019-06-13,2019-06-13
7º Simposio Argentino Jurásico,CONGRESOS Y CONVENCIONES,2019-06-14,2019-06-16
4° Congreso Internacional e Interdisciplinario Argentino de Disfagia y Trastornos Deglutorios,CONGRESOS Y CONVENCIONES,2019-06-14,2019-06-15
Jornada de Dolor en Neurocirugía,CONGRESOS Y CONVENCIONES,2019-06-14,2019-06-14
4ª Jornada Porteña de Radiología,CONGRESOS Y CONVENCIONES,2019-06-15,2019-06-15
20x20 annual meeting,CONGRESOS Y CONVENCIONES,2019-06-18,2019-06-19
XIV Jornadas Internacionales de Coloproctología del Hospital Británico de Buenos Aires,CONGRESOS Y CONVENCIONES,2019-06-19,2019-06-19
XVII Latin American Thyroid Society Congress  17 Congreso Latinoamericano de la Sociedad de Tiroides,CONGRESOS Y CONVENCIONES,2019-06-20,2019-06-23
3ª Jornada Internacional Sobre India,CONGRESOS Y CONVENCIONES,2019-06-20,2019-06-21
Congreso de Jóvenes de Colectividades,CONGRESOS Y CONVENCIONES,2019-06-22,2019-06-23
Jornada La Tecnología y las Artes Audiovisuales,CONGRESOS Y CONVENCIONES,2019-06-22,2019-06-22
Conferencia Regional Interamericana de la ISP - IAMRECON,CONGRESOS Y CONVENCIONES,2019-06-24,2019-06-28
Escuela Latinoamericana de Defensores,CONGRESOS Y CONVENCIONES,2019-06-24,2019-06-28
Coloquio Metropolitano de Control Interno,CONGRESOS Y CONVENCIONES,2019-06-24,2019-06-24
Jornadas de Derecho Administrativo 2019,CONGRESOS Y CONVENCIONES,2019-06-24,2019-06-24
XIX Congreso Argentino de Educación Médica 2019 CAEM,CONGRESOS Y CONVENCIONES,2019-06-25,2019-06-27
IPG 2019  ASME International Pipeline Geotechnical Conference,CONGRESOS Y CONVENCIONES,2019-06-25,2019-06-27
Asamblea General de la Asociación Latino Americana de Ortodoncia (en el marco del VIII CIOR),CONGRESOS Y CONVENCIONES,2019-06-26,2019-06-29
VIII CIOR Congreso Internacional de Ortodoncia,CONGRESOS Y CONVENCIONES,2019-06-26,2019-06-29
1º Congreso Internacional de Ortodoncia con Alineadores. en conjunto con el VIII Congreso Internacional de Ortodoncia,CONGRESOS Y CONVENCIONES,2019-06-26,2019-06-29
89° Reunión ARPEL a Nivel de Expertos (RANE),CONGRESOS Y CONVENCIONES,2019-06-26,2019-06-27
Conferencia Confiarse 2019,CONGRESOS Y CONVENCIONES,2019-06-26,2019-06-26
Reinventando Argentina Summit,CONGRESOS Y CONVENCIONES,2019-06-26,2019-06-26
Jornadas INEBA,CONGRESOS Y CONVENCIONES,2019-06-26,2019-06-26
Seminario Internacional de Seguros de Vida y Retiro,CONGRESOS Y CONVENCIONES,2019-06-26,2019-06-26
Seminario de Federalismo Fiscal,CONGRESOS Y CONVENCIONES,2019-06-26,2019-06-26
Simposio IMPERA 2019,CONGRESOS Y CONVENCIONES,2019-06-26,2019-06-26
Jornada doctoral Franco-Argentina,CONGRESOS Y CONVENCIONES,2019-06-26,2019-06-26
XX Congreso Argentino de Hepatología,CONGRESOS Y CONVENCIONES,2019-06-27,2019-06-29
Congreso Internacional de Derecho Informático,CONGRESOS Y CONVENCIONES,2019-06-27,2019-06-28
Latam Economic Forum,CONGRESOS Y CONVENCIONES,2019-06-27,2019-06-27
ExpoPyme 2019,FERIAS Y EXPOSICIONES,2019-06-27,2019-06-27
Cumbre Cultural de las Américas,CONGRESOS Y CONVENCIONES,2019-06-28,2019-06-29
45ª Jornadas de Actualización en Terapéutica y Clínica Dermatológica,CONGRESOS Y CONVENCIONES,2019-06-28,2019-06-29
Expo Empleo Joven,FERIAS Y EXPOSICIONES,2019-06-28,2019-06-29
Ciclo de Jornadas de Ciencias del Deporte,CONGRESOS Y CONVENCIONES,2019-06-28,2019-06-28
Jornadas Internacionales de Nutrición para las Actividades Físicas y el Deporte,CONGRESOS Y CONVENCIONES,2019-06-28,2019-06-28
1º Foro Internacional de Derechos de las Familias y Sucesiones,CONGRESOS Y CONVENCIONES,2019-06-28,2019-06-28
Expo Veterinarias y Pet Shop 2019,FERIAS Y EXPOSICIONES,2019-06-29,2019-06-30
Jornadas Universitarias Nacionales de Clínica Sistémica,CONGRESOS Y CONVENCIONES,2019-06-29,2019-06-29
2ª Feria Inmobiliaria: Ubicarte,FERIAS Y EXPOSICIONES,2019-06-29,2019-06-29
"2019 LAS/ANS Symposium  
Symposium of the Latin American Section of the American Nuclear Society",CONGRESOS Y CONVENCIONES,2019-07-01,2019-07-04
15° Curso Internacional de Infecciones Respiratorias,CONGRESOS Y CONVENCIONES,2019-07-01,2019-07-01
FITECMA 2019  14º Feria Internacional de la Industria de la Madera y Tecnología,FERIAS Y EXPOSICIONES,2019-07-02,2019-07-06
"2ª Jornadas de Turismo Rural, Patrimonio y Territorio",CONGRESOS Y CONVENCIONES,2019-07-02,2019-07-03
Conferencia Nacional sobre Políticas de Drogas,CONGRESOS Y CONVENCIONES,2019-07-02,2019-07-02
Foro IT Seguros 2019,CONGRESOS Y CONVENCIONES,2019-07-02,2019-07-02
50th International Annual Meeting of the Society for  Psychotherapy Research SPR,CONGRESOS Y CONVENCIONES,2019-07-03,2019-07-07
Jornadas Internacionales de Estudio Social del Humor y lo Cómico,CONGRESOS Y CONVENCIONES,2019-07-03,2019-07-05
Encuentro Anual ACDE,CONGRESOS Y CONVENCIONES,2019-07-03,2019-07-03
Simposio Multidisciplinario SAUMB 2019,CONGRESOS Y CONVENCIONES,2019-07-04,2019-07-06
Encuentro de Endocrinólogos,CONGRESOS Y CONVENCIONES,2019-07-04,2019-07-05
Coloquio El Futuro de la Edición 2019 Colloquium The Future of Publishing,CONGRESOS Y CONVENCIONES,2019-07-04,2019-07-05
Jornada Actualización en Evaluación de Tecnologías Sanitarias Hospitalaria,CONGRESOS Y CONVENCIONES,2019-07-04,2019-07-04
Caminos y Sabores 2019,FERIAS Y EXPOSICIONES,2019-07-06,2019-07-09
Encuentro Nacional de Mujeres Radicales,CONGRESOS Y CONVENCIONES,2019-07-06,2019-07-07
Reunión Invernal de la Sociedad Argentina de Patología 2019,CONGRESOS Y CONVENCIONES,2019-07-06,2019-07-06
"27th International Conference on Statistical Physics, StatPhys 27",CONGRESOS Y CONVENCIONES,2019-07-08,2019-07-12
3º Simposio de la Sección de Estudios del Cono Sur (LASA) 2019,CONGRESOS Y CONVENCIONES,2019-07-10,2019-07-13
Made in the Americas 2019 Global Digital Services Summit,CONGRESOS Y CONVENCIONES,2019-07-10,2019-07-12
IV ”Coloquio internacional sobre patrimonio cultural portuario”,CONGRESOS Y CONVENCIONES,2019-07-10,2019-07-11
1º Simposio Latinoamericano de Bioeconomía,CONGRESOS Y CONVENCIONES,2019-07-10,2019-07-10
IV Curso Latinoamericano de Qigong para la Salud Buenos Aires 2019,CONGRESOS Y CONVENCIONES,2019-07-11,2019-07-13
6ª Jornadas Internacionales de Hermenéutica,CONGRESOS Y CONVENCIONES,2019-07-11,2019-07-12
Taller Nacional de Seguridad Y Medio Ambiente en Puertos,CONGRESOS Y CONVENCIONES,2019-07-11,2019-07-11
3ª Jornada de Eficiencia Energética,CONGRESOS Y CONVENCIONES,2019-07-11,2019-07-11
"9ª Jornada de Divulgación Científica de las Ciencias de la Tierra, Mar y Atmósfera",CONGRESOS Y CONVENCIONES,2019-07-11,2019-07-11
Expo Celíaca,FERIAS Y EXPOSICIONES,2019-07-13,2019-07-14
1º Encuentro Internacional de Arte y Pensamiento sobre Animalidad,CONGRESOS Y CONVENCIONES,2019-07-13,2019-07-13
The 15th Internacional Conference on the Dark Side of the Universe,CONGRESOS Y CONVENCIONES,2019-07-15,2019-07-19
Congreso Internacional de Estudios Bíblicos,CONGRESOS Y CONVENCIONES,2019-07-16,2019-07-19
83º Congreso Internacional de la Sociedad Dante Alighieri  Congresso della Società Dante Alighieri,CONGRESOS Y CONVENCIONES,2019-07-18,2019-07-20
Cachogos,FERIAS Y EXPOSICIONES,2019-07-20,2019-08-04
VI CONGRESO DE LA RED ARGENTINA DE SALINIDAD,CONGRESOS Y CONVENCIONES,2019-07-22,2019-07-25
"133ª Exposición Rural. Exposición de Ganadería, Agricultura e Industria Internacional.",FERIAS Y EXPOSICIONES,2019-07-24,2019-08-04
15th South American Business Forum - SABF 2019,CONGRESOS Y CONVENCIONES,2019-07-25,2019-07-27
Expo Innova 2019 y Fecotel 2019,FERIAS Y EXPOSICIONES,2019-07-25,2019-07-25
Magic Meeting,CONGRESOS Y CONVENCIONES,2019-07-27,2019-07-28
8TH International Symposium of Environmental Physiology of Ectotherms and Plants (ISEPEP),CONGRESOS Y CONVENCIONES,2019-07-29,2019-08-02
14º Encuentro Latinoamericano de Diseño,CONGRESOS Y CONVENCIONES,2019-07-29,2019-08-02
12ª Conferencia Internacional de Liderazgo y Turismo LGBT GNETWORK360,CONGRESOS Y CONVENCIONES,2019-07-30,2019-08-02
28º Congreso Internacional de Teatro Iberoamericano y Argentino GETEA,CONGRESOS Y CONVENCIONES,2019-07-30,2019-08-02
"2ª Jornadas Internacionales ""Cuerpo y violencia en la literatura y las artes visuales contemporáneas""",CONGRESOS Y CONVENCIONES,2019-07-30,2019-08-02
IV Jornadas de Jóvenes Lingüistas,CONGRESOS Y CONVENCIONES,2019-07-31,2019-08-02
3º Congreso Latinoamericano de Teoría Social,CONGRESOS Y CONVENCIONES,2019-07-31,2019-08-02
8º Workshop On Philosophical Logic,CONGRESOS Y CONVENCIONES,2019-07-31,2019-08-02
Congreso Internacional de Psicología,CONGRESOS Y CONVENCIONES,2019-08-01,2019-08-08
Congreso Internacional de Medicina y Cirugía Cosmética,CONGRESOS Y CONVENCIONES,2019-08-01,2019-08-03
5ª Jornadas Interdisciplinarias de Jóvenes Investigadores de la Antigüedad Grecolatina (JIJIAG),CONGRESOS Y CONVENCIONES,2019-08-01,2019-08-03
Feria de Editores 2019,FERIAS Y EXPOSICIONES,2019-08-02,2019-08-04
Jornada de Actualización de la Asociación de Psicofarmacología y Neurociencia Argentina,CONGRESOS Y CONVENCIONES,2019-08-02,2019-08-03
Cumbre de Creatividad y Tendencias,CONGRESOS Y CONVENCIONES,2019-08-02,2019-08-02
IX Reunión RELACSIS  Red Latinoamericana y del Caribe para el Fortalecimiento de los Sistemas de Salud,CONGRESOS Y CONVENCIONES,2019-08-05,2019-08-07
Expo Romántica,FERIAS Y EXPOSICIONES,2019-08-06,2019-08-09
Foro Nacional de Porfolios,CONGRESOS Y CONVENCIONES,2019-08-06,2019-08-08
3ª Jornadas de Innovación Tecnológica,CONGRESOS Y CONVENCIONES,2019-08-06,2019-08-07
Innovation Day,CONGRESOS Y CONVENCIONES,2019-08-06,2019-08-06
1º Encuentro FASO - Fesormex,CONGRESOS Y CONVENCIONES,2019-08-07,2019-08-09
XI Escuela Santaló 2019,CONGRESOS Y CONVENCIONES,2019-08-07,2019-08-09
14° Congreso Nacional de Estudios del Trabajo,CONGRESOS Y CONVENCIONES,2019-08-07,2019-08-09
SEOday,CONGRESOS Y CONVENCIONES,2019-08-07,2019-08-07
Expo Sign 18ª Exposición Internacional de Comunicación Visual,FERIAS Y EXPOSICIONES,2019-08-08,2019-08-10
Jornadas Internacionales de Derecho Aduanero,CONGRESOS Y CONVENCIONES,2019-08-08,2019-08-09
2º Symposium Internacional de Dermatología CILAD 2019,CONGRESOS Y CONVENCIONES,2019-08-08,2019-08-09
"XVI Congreso Nacional de Psicologia Forense  XXX Jornadas Nacionales de Psicología Forense 
XXIX Jornadas de APFRA",CONGRESOS Y CONVENCIONES,2019-08-08,2019-08-09
3º Congreso de Coaching Educativo,CONGRESOS Y CONVENCIONES,2019-08-08,2019-08-09
12º Congreso Nacional de la Asociación Argentina de Ginecología Oncológica - AAGO,CONGRESOS Y CONVENCIONES,2019-08-08,2019-08-09
16º Encuentro de Protagonistas,CONGRESOS Y CONVENCIONES,2019-08-08,2019-08-08
8ª Conferencia de enfermedades Intersticiales y Autoinmunes,CONGRESOS Y CONVENCIONES,2019-08-09,2019-08-10
II Congreso Internacional Witold Gombrowicz,CONGRESOS Y CONVENCIONES,2019-08-12,2019-08-18
Expo Estrategas 2019,FERIAS Y EXPOSICIONES,2019-08-12,2019-08-13
2º Congreso AADYND de Nutrición y Alimentación,CONGRESOS Y CONVENCIONES,2019-08-13,2019-08-15
Reunion y Seminario ATDL 2019,CONGRESOS Y CONVENCIONES,2019-08-14,2019-08-16
Pulso IT 2019,FERIAS Y EXPOSICIONES,2019-08-14,2019-08-15
Cumbre internacional de Jóvenes Líderes,CONGRESOS Y CONVENCIONES,2019-08-14,2019-08-14
2º Simposio de Medicina Antiage,CONGRESOS Y CONVENCIONES,2019-08-15,2019-08-17
Congreso Internacional Medestética 2019,CONGRESOS Y CONVENCIONES,2019-08-15,2019-08-17
42º Congreso Anual de la Asociación Argentina de Alergia e Inmunología Clínica,CONGRESOS Y CONVENCIONES,2019-08-15,2019-08-17
1ª Jornada de Recursos Humanos,CONGRESOS Y CONVENCIONES,2019-08-15,2019-08-15
Encuentro Tecnológico ALAS,CONGRESOS Y CONVENCIONES,2019-08-16,2019-08-16
28ª Feria Caza Pesca y Outdoors,FERIAS Y EXPOSICIONES,2019-08-17,2019-08-25
73º Congreso Argentino de Bioquímica,CONGRESOS Y CONVENCIONES,2019-08-20,2019-08-23
25ª Jornadas de Epistemología de las Ciencias Económicas,CONGRESOS Y CONVENCIONES,2019-08-20,2019-08-22
Congress and General Meeting of the International Bobath Instructions Training Association IBITA,CONGRESOS Y CONVENCIONES,2019-08-21,2019-08-24
BAFWEEK 2019,FERIAS Y EXPOSICIONES,2019-08-21,2019-08-24
6ª Jornadas Multidisciplinarias del Hospital Pirovano,CONGRESOS Y CONVENCIONES,2019-08-21,2019-08-23
"2º Congreso Mundial ""Infancia sin Violencia"" 2019",CONGRESOS Y CONVENCIONES,2019-08-21,2019-08-23
XIX International Symposium on Neglected Diseases   XIX Simposio Internacional sobre Enfermedades Desatendidas,CONGRESOS Y CONVENCIONES,2019-08-21,2019-08-22
Congreso de la Sociedad Iberoamericana de Intervencionismo - SIDI 2019,CONGRESOS Y CONVENCIONES,2019-08-22,2019-08-24
Congreso Argentino de Diagnóstico por Imágenes - CADI 2019,CONGRESOS Y CONVENCIONES,2019-08-22,2019-08-24
Congreso SIDI 2019,CONGRESOS Y CONVENCIONES,2019-08-22,2019-08-24
XVII Congreso Latinoamericano de Rorschach y otras Técnicas Proyectivas,CONGRESOS Y CONVENCIONES,2019-08-22,2019-08-24
Jornadas de la Región Metropolitana de la SAP,CONGRESOS Y CONVENCIONES,2019-08-22,2019-08-23
Congreso de la Sociedad Argentina de Cirugía Digestiva,CONGRESOS Y CONVENCIONES,2019-08-22,2019-08-23
Jornadas Internacionales Educar en la Realidad,CONGRESOS Y CONVENCIONES,2019-08-22,2019-08-23
13ª Jornadas de la Región Metropolitana de la SAP,CONGRESOS Y CONVENCIONES,2019-08-22,2019-08-23
Expo Real Estate 2019,FERIAS Y EXPOSICIONES,2019-08-22,2019-08-23
Congreso Argentino de Auditores y Gerentes de Salud,CONGRESOS Y CONVENCIONES,2019-08-22,2019-08-22
Congreso Internacional de Felicidad en el Trabajo,CONGRESOS Y CONVENCIONES,2019-08-22,2019-08-22
4to Simposio de Actualización en Perfusión Cardiovascular - Región Cono Sur,CONGRESOS Y CONVENCIONES,2019-08-23,2019-08-24
Jornada Internacional de la Sociedad Argentina de Psicoinmunoneuroendocrinología - SAPINE,CONGRESOS Y CONVENCIONES,2019-08-23,2019-08-23
2º Congreso FIAF de Filatelia Tradicional e Historia Postal,CONGRESOS Y CONVENCIONES,2019-08-26,2019-08-31
Exposición Continental FIAF,FERIAS Y EXPOSICIONES,2019-08-26,2019-08-31
13ª Jornadas de Sociología UBA,CONGRESOS Y CONVENCIONES,2019-08-26,2019-08-30
18th Regional Alumni Symposium,CONGRESOS Y CONVENCIONES,2019-08-26,2019-08-29
Jornadas de Iustitia et Iure,CONGRESOS Y CONVENCIONES,2019-08-26,2019-08-28
American Association of Petroleum Geologists International Conference & Exhibition - AAGP 2019  AAPG ICE 2019,CONGRESOS Y CONVENCIONES,2019-08-27,2019-08-30
Jornada de Vida Independiente,CONGRESOS Y CONVENCIONES,2019-08-27,2019-08-27
IV Encuentro Internacional de Esquizoanálisis,CONGRESOS Y CONVENCIONES,2019-08-28,2019-09-01
Expo Ferretera en conjunto con ExpoCehap y Expomant,FERIAS Y EXPOSICIONES,2019-08-28,2019-08-31
"Argentina Franquicias - Exposición internacional de franquicias, licencias, emprendimientos y negocios.",FERIAS Y EXPOSICIONES,2019-08-28,2019-08-30
V Jornada Internacional de Investigadores en Aprendizaje-servicio,CONGRESOS Y CONVENCIONES,2019-08-28,2019-08-28
Bada- Boutique de arte -Directo de artista,FERIAS Y EXPOSICIONES,2019-08-29,2019-09-01
9ª Jornadas Nacionales de Diabetes,CONGRESOS Y CONVENCIONES,2019-08-29,2019-08-31
8º Congreso Latinoamericano de Logoterapia y Análisis Existencial FUCLAE,CONGRESOS Y CONVENCIONES,2019-08-29,2019-08-31
Jornadas Anuales de Propiedad Industrial,CONGRESOS Y CONVENCIONES,2019-08-29,2019-08-30
Congreso de Mantenimiento Hospitalario,CONGRESOS Y CONVENCIONES,2019-08-29,2019-08-30
Seminario Internacional Aprendizaje y Servicio Solidario CLAYSS,CONGRESOS Y CONVENCIONES,2019-08-29,2019-08-30
3º Coloquio Bizantino de la UBA,CONGRESOS Y CONVENCIONES,2019-08-29,2019-08-30
EcommerceDay,CONGRESOS Y CONVENCIONES,2019-08-29,2019-08-29
XIII Jornadas LACAN en IPA,CONGRESOS Y CONVENCIONES,2019-08-30,2019-08-31
Jornada Dos días con la Ortopedia Funcional y la Ortodoncia,CONGRESOS Y CONVENCIONES,2019-08-30,2019-08-31
Encuentro Nacional de Estudiantes de Traducción,CONGRESOS Y CONVENCIONES,2019-08-31,2019-08-31
14º Congreso Argentino e Internacional de Mastología,CONGRESOS Y CONVENCIONES,2019-09-01,2019-09-03
6ª Jornadas de Estudios Afrolatinoamericanos,CONGRESOS Y CONVENCIONES,2019-09-02,2019-09-04
"21º Congreso Argentino de Neuropsiquiatría y Neurociencia Cognitiva  17º Congreso Latinoamericano de Neuropsiquiatría  X Congreso Argentino de Psicogeriatría   ******El ""Latinoamericano TAMBIEN es LOCAL"" **********",CONGRESOS Y CONVENCIONES,2019-09-02,2019-09-04
Hotelga 2019,FERIAS Y EXPOSICIONES,2019-09-03,2019-09-05
AATS Cardiovascular Valve Symposium,CONGRESOS Y CONVENCIONES,2019-09-04,2019-09-06
17º Congreso Argentino de Medicina Transfusional,CONGRESOS Y CONVENCIONES,2019-09-04,2019-09-06
Argentina Wind Power,FERIAS Y EXPOSICIONES,2019-09-04,2019-09-05
BA Photo 2019,FERIAS Y EXPOSICIONES,2019-09-05,2019-09-08
Ayn Rand Con 2019,CONGRESOS Y CONVENCIONES,2019-09-05,2019-09-07
1º Congreso Argentino de la Sociedad Argentina de Embriología Clínica,CONGRESOS Y CONVENCIONES,2019-09-05,2019-09-06
World Phonosurgery Congress 2019 Congreso Mundial de la Voz,CONGRESOS Y CONVENCIONES,2019-09-05,2019-09-06
Expo Manos y Uñas 2019,FERIAS Y EXPOSICIONES,2019-09-07,2019-09-09
20th World Congress of the International Society on Toxinology  20º Congreso Mundial de la Sociedad Internacional de Toxinología IST,CONGRESOS Y CONVENCIONES,2019-09-08,2019-09-13
Congreso Mundial Art Déco 2019,CONGRESOS Y CONVENCIONES,2019-09-08,2019-09-10
14th World Congress of Semiotics IASS AIS  14º Congreso Mundial de Semiótica,CONGRESOS Y CONVENCIONES,2019-09-09,2019-09-13
IFPA 2019 & SLIMP 2019 International Federation of Placenta Associations  AND 8th Latin American Symposium on Maternal-Fetal Interaction and Placenta VIII SLIMP  (**en Icca están validados como 2 eventos **) -SON-2-EVENTOS-,CONGRESOS Y CONVENCIONES,2019-09-10,2019-09-13
Envase Alimentek 2019,FERIAS Y EXPOSICIONES,2019-09-10,2019-09-13
ExpoFybi 2019,FERIAS Y EXPOSICIONES,2019-09-10,2019-09-13
7th Seed Congress of the Americas 7mo Congreso de Semillas de las Americas,CONGRESOS Y CONVENCIONES,2019-09-10,2019-09-12
Oil & Gas Council South America Assembly,CONGRESOS Y CONVENCIONES,2019-09-10,2019-09-11
"SECEC-ESSSE Congress 2019 
29th Congress of the European Society for Surgery of the Shoulder and the Elbow",CONGRESOS Y CONVENCIONES,2019-09-10,2019-09-11
Nanomercosur 2019,CONGRESOS Y CONVENCIONES,2019-09-10,2019-09-10
III Congreso Internacional de Geografía Urbana III CIGU,CONGRESOS Y CONVENCIONES,2019-09-11,2019-09-14
Congreso Internacional FOUBA,CONGRESOS Y CONVENCIONES,2019-09-11,2019-09-14
BIEL Light + Building Buenos Aires,FERIAS Y EXPOSICIONES,2019-09-11,2019-09-14
12º Simposio Argentino de Ficología,CONGRESOS Y CONVENCIONES,2019-09-11,2019-09-12
Universidad y Empleo 2019,FERIAS Y EXPOSICIONES,2019-09-11,2019-09-11
Conferencia Latinoamericana de Psicología Positiva Aplicada,CONGRESOS Y CONVENCIONES,2019-09-12,2019-09-14
Exposición de Videojuegos Argentina EVA 2019,FERIAS Y EXPOSICIONES,2019-09-12,2019-09-14
7ª Jornadas de Historia de la Industria y los Servicios,CONGRESOS Y CONVENCIONES,2019-09-12,2019-09-12
Congreso Nacional de Cirugía Estética y Láser,CONGRESOS Y CONVENCIONES,2019-09-13,2019-09-14
3º Seminario Internacional sobre los Oficios del Lazo,CONGRESOS Y CONVENCIONES,2019-09-13,2019-09-14
Muestra Música 2019,FERIAS Y EXPOSICIONES,2019-09-14,2019-09-15
IAP XXIV Conferencia Anual Internacional de la Asociación Internacional de Fiscales  XXIV International Annual Conference of the International Association of Prosecutors  24th Annual Conference and General Meeting,CONGRESOS Y CONVENCIONES,2019-09-15,2019-09-19
"VII Seminario Internacional ""Ciudad, Comercio y Consumo""",CONGRESOS Y CONVENCIONES,2019-09-16,2019-09-21
ICSES 2019  14º International Congress of Shoulder and Elbow Therapists (ICSET) Congreso Internacional de Hombro y Codo,CONGRESOS Y CONVENCIONES,2019-09-17,2019-09-20
Congreso ACARO,CONGRESOS Y CONVENCIONES,2019-09-18,2019-09-20
4º Congreso ITI Buenos Aires,CONGRESOS Y CONVENCIONES,2019-09-19,2019-09-21
International Symposium for Next Generation Infrastructure (ISNGI 2019),CONGRESOS Y CONVENCIONES,2019-09-19,2019-09-20
Congreso de Epilepsia,CONGRESOS Y CONVENCIONES,2019-09-19,2019-09-20
II Congreso Internacional de DIFNE Argentina,CONGRESOS Y CONVENCIONES,2019-09-19,2019-09-20
10° Congreso Iberoamericano CIDEC 2019,CONGRESOS Y CONVENCIONES,2019-09-19,2019-09-20
2º Simposio de la Asociación Argentina de Radiocirugía,CONGRESOS Y CONVENCIONES,2019-09-19,2019-09-20
Foro Latinoamericano de Innovación Financiera,CONGRESOS Y CONVENCIONES,2019-09-19,2019-09-19
Expo AICACYP Aire Libre 2019,FERIAS Y EXPOSICIONES,2019-09-20,2019-09-22
"XXXV Congreso Latinoamericano de Anestesiologia - XXX Asamblea Ordinaria de CLASA  + (  4to Encuentro Internacional de Residentes, este es NACIONAL)",CONGRESOS Y CONVENCIONES,2019-09-21,2019-09-24
"Congreso de Capacitación y Actualización para Dietéticas, Herboristerías, Almacenes Naturales y Profesionales de la Nutrición",CONGRESOS Y CONVENCIONES,2019-09-21,2019-09-22
Expo Dieteticactiva 2019,FERIAS Y EXPOSICIONES,2019-09-21,2019-09-22
"4º Congreso Latinoamericano y 6º Nacional de Seguridad, Salud Ocupacional y Ambiente en la industria de los Hidrocarburos",CONGRESOS Y CONVENCIONES,2019-09-23,2019-09-26
ISL XXVII World Congress Lymphology 2019,CONGRESOS Y CONVENCIONES,2019-09-23,2019-09-26
AOG Expo 2019- 12ª Exposición Internacional del Petroleo y Gas,FERIAS Y EXPOSICIONES,2019-09-23,2019-09-26
XII Argentina Oil & Gas Expo,FERIAS Y EXPOSICIONES,2019-09-23,2019-09-26
Encuentro Global de Alineamiento 2019,CONGRESOS Y CONVENCIONES,2019-09-25,2019-09-28
XXI Encuentro de la Red BibliotecasJuriRed y la XIV Jornada de la Asociación Civil de Bibliotecarios Jurídicos – ACBJ,CONGRESOS Y CONVENCIONES,2019-09-25,2019-09-27
Foro alooh! LATAM Asociación Latinoamericana Out of Home,CONGRESOS Y CONVENCIONES,2019-09-25,2019-09-27
Ekoparty,CONGRESOS Y CONVENCIONES,2019-09-25,2019-09-27
39 Congreso de la Sociedad Argentina Ortopedia y Traumatología Infantil  SAOTI,CONGRESOS Y CONVENCIONES,2019-09-25,2019-09-27
"15º Congreso Argentino de Microbiología CAM 2019  XIV Congreso Argentino de Microbiología General XIV SAMIGE  V Congreso Argentino de Microbiología de Alimentos V CAMA  y  V Congreso Latinoamericano de Microbiología de Medicamentos y Cosméticos CL AME 2019   *******todo este es NACIONAL*****el ""Latinoamericano también***",CONGRESOS Y CONVENCIONES,2019-09-25,2019-09-27
Expo Medical 2019,FERIAS Y EXPOSICIONES,2019-09-25,2019-09-27
Encuentro Internacional de Conservación y Restauración del Patrimonio,CONGRESOS Y CONVENCIONES,2019-09-25,2019-09-26
Jornadas Internacionales ATVC 2019,CONGRESOS Y CONVENCIONES,2019-09-25,2019-09-26
Conferencia Anual de la Bolsa de Comercio de Buenos Aires,CONGRESOS Y CONVENCIONES,2019-09-26,2019-09-26
28° SIMI 2019 Semana del Intervencionismo Mínimamente Invasivo  III Buenos Aires Stroke Summit,CONGRESOS Y CONVENCIONES,2019-09-28,2019-09-30
15 Inter American Congress of Electron Microscopy CIASEM 2019  15º Congreso Interamericano de Microcoscopía CIASEM SAMIC,CONGRESOS Y CONVENCIONES,2019-10-01,2019-10-04
VIII Congreso Internacional de Psicología del Deporte y XIVJornadas Nacionales de Psicología del Deporte,CONGRESOS Y CONVENCIONES,2019-10-02,2019-10-05
XXXVIII Congreso de la Confederación Americana de Urología CAU ****EN CONJUNTO CON******* LVI Congreso de la Sociedad Argentina de Urología SAU    ( y con el XXIV Congreso de la Sociedad Iberoamericana de Urología Pediatría SIUP que tiene la misma rotacion del principal CAU y no esta en Icca),CONGRESOS Y CONVENCIONES,2019-10-02,2019-10-05
Congreso Argentino de Soporte Nutricional y Metabolismo,CONGRESOS Y CONVENCIONES,2019-10-02,2019-10-04
Expo Consorcios y Garage,FERIAS Y EXPOSICIONES,2019-10-02,2019-10-03
GBTA Conferencia 2019,CONGRESOS Y CONVENCIONES,2019-10-02,2019-10-02
Simposio Anual APDEBA,CONGRESOS Y CONVENCIONES,2019-10-03,2019-10-05
XLV Instituto Rotario Zona 23 B & C,CONGRESOS Y CONVENCIONES,2019-10-03,2019-10-05
Seminario Internacional Políticas de La Memoria,CONGRESOS Y CONVENCIONES,2019-10-03,2019-10-05
24º Simposio Internacional de Cirugía Plástica Siglo XXI,CONGRESOS Y CONVENCIONES,2019-10-03,2019-10-04
Vinos y Bodegas,FERIAS Y EXPOSICIONES,2019-10-03,2019-10-04
Sport Biz Latam Buenos Aires 2019,CONGRESOS Y CONVENCIONES,2019-10-03,2019-10-03
FIT 2019 - Feria Internacional del Turismo de América Latina,FERIAS Y EXPOSICIONES,2019-10-05,2019-10-08
4° Encuentro Latinoaméricano de Mentalismo - LMENTAL 2019,CONGRESOS Y CONVENCIONES,2019-10-05,2019-10-06
23º Congreso Latinoamericano de Folklore del Mercosur  y Congreso Universitario Internacional de Tango Argentino,CONGRESOS Y CONVENCIONES,2019-10-07,2019-10-11
13º Simposio Argentino de Polímeros,CONGRESOS Y CONVENCIONES,2019-10-08,2019-10-11
Conferencia Internacional de la International Colour Association  AIC Midterm Meeting,CONGRESOS Y CONVENCIONES,2019-10-08,2019-10-10
Congreso Latinoamericano de Técnicas de Investigación Criminal COLTIC,CONGRESOS Y CONVENCIONES,2019-10-09,2019-10-11
7º Congreso de Ciencias Ambientales COPIME 2019,CONGRESOS Y CONVENCIONES,2019-10-09,2019-10-11
10th ILA General Assembly and Information Exchange Forum,CONGRESOS Y CONVENCIONES,2019-10-09,2019-10-11
34ª Jornadas Nacionales y 41ª Internacionales de Hidatidología,CONGRESOS Y CONVENCIONES,2019-10-09,2019-10-09
Foro Compliance,CONGRESOS Y CONVENCIONES,2019-10-10,2019-10-10
5º Congreso Argentino de Recursos Humanos,CONGRESOS Y CONVENCIONES,2019-10-10,2019-10-10
1ª Jornadas Psicoenergéticas Internacionales,CONGRESOS Y CONVENCIONES,2019-10-11,2019-10-17
90º Congreso Argentino de Cirugía,CONGRESOS Y CONVENCIONES,2019-10-12,2019-10-17
International Investment Funds Conference IIFA 2019,CONGRESOS Y CONVENCIONES,2019-10-12,2019-10-16
Expo Estética,FERIAS Y EXPOSICIONES,2019-10-12,2019-10-14
Congreso Internacional de fotografía Baby and Kid Argentina 2019,CONGRESOS Y CONVENCIONES,2019-10-12,2019-10-13
6to Simposio Mundial de Células Madre y Medicina Regenerativa 6th International Regenerative Medicine Symposium,CONGRESOS Y CONVENCIONES,2019-10-12,2019-10-12
"Expo Peluquerías, Estética & Belleza",FERIAS Y EXPOSICIONES,2019-10-13,2019-10-14
AIC 2019 Midterm Meeting Color and Landscape,CONGRESOS Y CONVENCIONES,2019-10-14,2019-10-17
Bienal Internacional de Arquitectura de Buenos Aires 2019,CONGRESOS Y CONVENCIONES,2019-10-15,2019-10-26
30º Congreso Latinoamericano de Arquitectura e Ingenieria Hospitalaria,CONGRESOS Y CONVENCIONES,2019-10-15,2019-10-18
44° Congreso Argentino de Cirugía de la Mano,CONGRESOS Y CONVENCIONES,2019-10-16,2019-10-18
Pre-Congreso ICBA 2019,CONGRESOS Y CONVENCIONES,2019-10-16,2019-10-16
"5º Congreso Internacional de Dermatología Pediátrica  en conjunto con  XIV Congreso Argentino de Dermatología Pediátrica, IV Encuentro Internacional de Genodermatosis y Epidermólisis Ampollar",CONGRESOS Y CONVENCIONES,2019-10-17,2019-10-19
45º Congreso Argentino de Cardiología,CONGRESOS Y CONVENCIONES,2019-10-17,2019-10-19
17º Workshop CAIDBA,CONGRESOS Y CONVENCIONES,2019-10-17,2019-10-19
Encuentro Nacional de Jóvenes Comprometidos con el Medio Ambiente,CONGRESOS Y CONVENCIONES,2019-10-17,2019-10-18
8th InterAmerican Oncology Conference,CONGRESOS Y CONVENCIONES,2019-10-17,2019-10-18
Argentina Game Show 2019,FERIAS Y EXPOSICIONES,2019-10-18,2019-10-20
World Esophageal Experts Summit E20,CONGRESOS Y CONVENCIONES,2019-10-18,2019-10-19
XXI Congreso de la Sociedad Argentina de Endocrinología y Metabolismo,CONGRESOS Y CONVENCIONES,2019-10-21,2019-10-23
27º Congreso Internacional de Psiquiatría,CONGRESOS Y CONVENCIONES,2019-10-22,2019-10-24
17º Congreso Internacional de Gestión del Conocimiento,CONGRESOS Y CONVENCIONES,2019-10-23,2019-10-25
Congreso Anual de la Asociacion Escuela Argentina de Psicoterapia para Graduados,CONGRESOS Y CONVENCIONES,2019-10-24,2019-10-26
XII Congreso Anual de la Asociacion Escuela Argentina de Psicoterapia para Graduados  y XXXII Symposium,CONGRESOS Y CONVENCIONES,2019-10-24,2019-10-26
1º Simposio Internacional Diagnóstico y Tratamiento de Anomalías Vasculares en Pediatría,CONGRESOS Y CONVENCIONES,2019-10-24,2019-10-25
Jornada Anual de la Asociación Psicoanalítica Argentina,CONGRESOS Y CONVENCIONES,2019-10-25,2019-10-26
21º Congreso y Asamblea General Anual de ICPA  21st AGM Annual Conference and General Meeting   ICPA International Corrections & Prisons Association,CONGRESOS Y CONVENCIONES,2019-10-27,2019-11-01
LASDB Meeting 2019 10º International Meeting of the Latin American Society for Developmental Biology,CONGRESOS Y CONVENCIONES,2019-10-28,2019-10-31
Expo CAPER 2019 (Cámara Argentina de Proveedores y Fabricantes de Equipos de Radiodifusión),FERIAS Y EXPOSICIONES,2019-10-29,2019-11-01
"3rd Conference “Dialogues on International Law” 3 ª Conferencia ""Diálogos sobre Derecho Internacional""",CONGRESOS Y CONVENCIONES,2019-10-29,2019-10-29
40ª Jornadas Internacionales de la AOA,CONGRESOS Y CONVENCIONES,2019-10-30,2019-11-02
"Jornadas de Cine, Teatro y Género",CONGRESOS Y CONVENCIONES,2019-10-30,2019-11-01
Reunión Anual de la Asociación Argentina de Osteología y Metabolismo Mineral,CONGRESOS Y CONVENCIONES,2019-10-30,2019-11-01
VIII Congreso de Andrología,CONGRESOS Y CONVENCIONES,2019-10-30,2019-10-31
Jornada CPIC de Ética y Lucha Anticorrupción,CONGRESOS Y CONVENCIONES,2019-10-30,2019-10-30
2019 CPSG Annual Meeting  Annual Meeting of the Conservation Planning Specialist Group,CONGRESOS Y CONVENCIONES,2019-10-31,2019-11-03
LET 2019,CONGRESOS Y CONVENCIONES,2019-10-31,2019-11-01
Alacero 60 Congreso Latinoamericano del Acero ALACERO 2019,CONGRESOS Y CONVENCIONES,2019-11-01,2019-11-13
VI Congreso Latinoamericano de Ergonomìa ULAERGO,CONGRESOS Y CONVENCIONES,2019-11-01,2019-11-04
1º Congreso de Aeroevacuadores,CONGRESOS Y CONVENCIONES,2019-11-01,2019-11-02
XVI World Congress of Arrhythmias WSA  Congreso Mundial de Arritmias,CONGRESOS Y CONVENCIONES,2019-11-02,2019-11-05
15ª Jornadas de Cosmetología y Estética y 11º Congreso Científico y Cultural del Área de Cosmetología,CONGRESOS Y CONVENCIONES,2019-11-02,2019-11-03
70ª Jornadas Rioplatenses Dr. Orestes Sbárbaro,CONGRESOS Y CONVENCIONES,2019-11-02,2019-11-02
74º WAZA Annual Conference   World Association of Zoos and Aquariums  Conferencia Anual de la Asociación Mundial de Zoológicos y Acuarios,CONGRESOS Y CONVENCIONES,2019-11-03,2019-11-07
68º Curso Intensivo de Perfeccionamiento Dermatológico para Graduados “Prof. Dr. Luis E. Pierini”,CONGRESOS Y CONVENCIONES,2019-11-05,2019-11-09
IV Congreso de la Asociación Regional para América Latina y el Caribe de la Sociedad Internacional de Musicología  ARLAC IMS,CONGRESOS Y CONVENCIONES,2019-11-05,2019-11-09
5ta Conferencia Internacional de Prácticas Dialógicas  5th Conference on Dialogical Practices,CONGRESOS Y CONVENCIONES,2019-11-05,2019-11-08
III Congreso Nacional de Arte Rupestre 3CONAR,CONGRESOS Y CONVENCIONES,2019-11-05,2019-11-08
11ª Jornadas Interdisciplinarias de Estudios Agrarios y Agroindustriales Argentinos y Latinoamericanos,CONGRESOS Y CONVENCIONES,2019-11-05,2019-11-08
XVII Congreso de la Sociedad Latina de Cardiología y Cirugía Cardiovascular Pediátrica,CONGRESOS Y CONVENCIONES,2019-11-05,2019-11-08
2019 World Federation for Mental Health World Congress,CONGRESOS Y CONVENCIONES,2019-11-05,2019-11-08
XXXIII Reunión Anual Comité Nacional de Conservación Textil,CONGRESOS Y CONVENCIONES,2019-11-06,2019-11-09
10ª Jornadas de Jóvenes Investigadores del Instituto de Investigaciones Gino Germani,CONGRESOS Y CONVENCIONES,2019-11-06,2019-11-09
39° Seminario Nacional de Enseñanza de la Pediatría,CONGRESOS Y CONVENCIONES,2019-11-06,2019-11-08
El Ojo de Iberoamérica 2019,FERIAS Y EXPOSICIONES,2019-11-06,2019-11-08
Fascial Connection 2019,CONGRESOS Y CONVENCIONES,2019-11-07,2019-11-10
VIII Congreso Internacional de María Auxiliadora,CONGRESOS Y CONVENCIONES,2019-11-07,2019-11-10
FIER - Feria Internacional de Energías Renovables y Sustentabilidad,FERIAS Y EXPOSICIONES,2019-11-07,2019-11-10
Ahora Mamá 2019,FERIAS Y EXPOSICIONES,2019-11-07,2019-11-10
XII Congreso Internacional de Museos Inclusivos  Twelfth International Conference on The Inclusive Museum 2019,CONGRESOS Y CONVENCIONES,2019-11-07,2019-11-09
Jornadas de Salud Ocupacional,CONGRESOS Y CONVENCIONES,2019-11-07,2019-11-08
Feria de las Naciones COAS,FERIAS Y EXPOSICIONES,2019-11-08,2019-11-18
39° Reunión Anual Latinoamericana de Petroquímica APLA,CONGRESOS Y CONVENCIONES,2019-11-09,2019-11-12
X Conferencia Iberoamericana sobre Familias,CONGRESOS Y CONVENCIONES,2019-11-10,2019-11-10
2nd IAA  International Academy of Astronautics Latin American Symposium on Small Satellites: Advanced Technologies and Distributed Systems,CONGRESOS Y CONVENCIONES,2019-11-11,2019-11-15
XXIV Congreso Internacional del CLAD,CONGRESOS Y CONVENCIONES,2019-11-12,2019-11-15
14ª Expo Arte Navideña,FERIAS Y EXPOSICIONES,2019-11-13,2019-11-16
7º Congreso de Enfermedades Endemoepidémicas del Hospital de Infecciosas Francisco J. Muñiz,CONGRESOS Y CONVENCIONES,2019-11-13,2019-11-15
ISTAT Latin America Forum,CONGRESOS Y CONVENCIONES,2019-11-13,2019-11-14
8° Simposio Mercado de Capitales y Finanzas Corporativas,CONGRESOS Y CONVENCIONES,2019-11-13,2019-11-13
2019 Buenos Aires Women in Leadership Symposium,CONGRESOS Y CONVENCIONES,2019-11-14,2019-11-14
Jornadas de EMDRIA de Latinoamérica,CONGRESOS Y CONVENCIONES,2019-11-16,2019-11-17
"5º Congreso Internacional de Clínica Médica y Medicina Interna ,  V Congreso Internacional de Clínica y Medicina Interna, V Congreso Argentino de Clínica Médica y Medicina Interna, XXVII Congreso Nacional de Medicina (SAM), 32ª Congreso Argentino de Medicina Interna (SMIBA), VIII Congreso Internacional de Medicina Hospitalaria, XLIV Jornadas Nacionales de Residencias de Medicina Clínica, X Jornadas Internacionales de Residentes de Medicina Interna",CONGRESOS Y CONVENCIONES,2019-11-19,2019-11-22
"XV Congreso de la Sociedad  Latinoamericana de Aterosclerosis  SOLAT 2019  --------(en conjunto con V Congreso Internacional de Clínica y Medicina Interna, V Congreso Argentino de Clínica Médica y Medicina Interna, XXVII Congreso Nacional de Medicina (SAM), 32ª Congreso Argentino de Medicina Interna (SMIBA), VIII Congreso Internacional de Medicina Hospitalaria,  XLIV Jornadas Nacionales de Residencias de Medicina Clínica, X Jornadas Internacionales de Residentes de Medicina Interna)",CONGRESOS Y CONVENCIONES,2019-11-19,2019-11-21
Jornadas de Historia de las Izquierdas,CONGRESOS Y CONVENCIONES,2019-11-20,2019-11-22
Congreso Iberoamericano de Tecnologías de Apoyo a la Discapacidad -IBERDISCAP -,CONGRESOS Y CONVENCIONES,2019-11-20,2019-11-22
XXI Congreso ALACCTA 2019 21º CongresoLatinoamericano y del Caribe de Ciencias y Tecnología de Alimentos   y XVII Congreso CYTAL 2019 Congreso Argentino de Ciencia y Tecnología de los Alimentos  8vo Simposio Internacional de Nuevas Tecnologías 6º Simposio Latinoamericano sobre Higiene y Calidad de Alimentos  4to Simposio de Innovación en Industrias Alimentarias,CONGRESOS Y CONVENCIONES,2019-11-20,2019-11-22
27º SAGSE 2019,FERIAS Y EXPOSICIONES,2019-11-20,2019-11-22
AIREC week,CONGRESOS Y CONVENCIONES,2019-11-20,2019-11-21
LAWC Latin America Wholesale Congress,CONGRESOS Y CONVENCIONES,2019-11-20,2019-11-21
3º Congreso Argentino de Cirugía de la Pared Abdominal,CONGRESOS Y CONVENCIONES,2019-11-21,2019-11-23
IV Congreso de Cicatrización de Heridas AIACH,CONGRESOS Y CONVENCIONES,2019-11-21,2019-11-22
Buenos Aires Seed Convention BASC,CONGRESOS Y CONVENCIONES,2019-11-21,2019-11-22
5º Congreso de Aspectos Psicológicos de las Obesidades y Trastornos Alimentarios,CONGRESOS Y CONVENCIONES,2019-11-21,2019-11-22
10ª Jornadas Religiones y Espacio Público,CONGRESOS Y CONVENCIONES,2019-11-22,2019-11-24
7ª Jornadas Internacionales de Neurointensivismo  III Regional Neurocritical Care Meeting,CONGRESOS Y CONVENCIONES,2019-11-23,2019-11-27
International Conference on Research Reactors: Addressing Challenges and Opportunities to Ensure Effectiveness and Sustainability,CONGRESOS Y CONVENCIONES,2019-11-25,2019-11-29
12ª Reunión Nacional Científico – Técnica de Biología de Suelos,CONGRESOS Y CONVENCIONES,2019-11-25,2019-11-27
Conferencia Financiarización y Desarrollo en el Sur Global,CONGRESOS Y CONVENCIONES,2019-11-26,2019-11-28
XI Congreso Internacional de Investigación y Práctica Profesional en Psicología  conjunto con XXVi Jornadas de Investigación y XV Encuentro de Investigadores en Psicología del MERCOSUR,CONGRESOS Y CONVENCIONES,2019-11-27,2019-11-29
"4ª Jornadas Internacionales de Ficcionalización y Narración en la Antigüedad, el Tardoantiguo y el Medioevo",CONGRESOS Y CONVENCIONES,2019-11-27,2019-11-29
56º Congreso Argentino de Ortopedia y Traumatología,CONGRESOS Y CONVENCIONES,2019-11-28,2019-12-01
"Simposio Panamericano de Enfermedad Celíaca, Jornadas de Actualización en Patologías Intestinales",CONGRESOS Y CONVENCIONES,2019-11-28,2019-11-28
Matear 2019,FERIAS Y EXPOSICIONES,2019-11-29,2019-12-01
Simposio de In VITRO Buenos Aires,CONGRESOS Y CONVENCIONES,2019-11-29,2019-11-29
Jornadas Anuales de la EOL,CONGRESOS Y CONVENCIONES,2019-11-30,2019-12-01
7º Encuentro Nacional de Catalogadores,CONGRESOS Y CONVENCIONES,2019-12-02,2019-12-04
IV Congreso ALAM Asociación Latinoamericana de Microcirugía,CONGRESOS Y CONVENCIONES,2019-12-04,2019-12-06
Expo Tortas 2019,FERIAS Y EXPOSICIONES,2019-12-06,2019-12-08
Simposio Internacional Obstetricia Crítica,CONGRESOS Y CONVENCIONES,2019-12-09,2019-12-10
Conferencia Interamericana y del Caribe de Personas Intersex,CONGRESOS Y CONVENCIONES,2020-03-02 00:00:00,2020-05-02 00:00:00
"2nd SDEWES LA Conference - Conferencia Latinoamericana Desarrollo Sostenible de los Sistemas de Energía, Agua y Medio Ambiente",CONGRESOS Y CONVENCIONES,2020-09-02 00:00:00,2020-12-02 00:00:00
International Conference for Teachers of English and Coordinators,CONGRESOS Y CONVENCIONES,2020-02-14 00:00:00,2020-02-15 00:00:00
63º Congreso Nacional para Docentes de Idioma Japonés,CONGRESOS Y CONVENCIONES,2020-02-14 00:00:00,2020-02-16 00:00:00
Buenos Aires Players Annual Event,CONGRESOS Y CONVENCIONES,2020-02-15 00:00:00,2020-02-15 00:00:00
3ª Feria Inmobiliaria: Ubicarte,FERIAS Y EXPOSICIONES,2020-02-15 00:00:00,2020-02-15 00:00:00
MABYN - Expo de Moda Infantil,FERIAS Y EXPOSICIONES,2020-02-15 00:00:00,2020-02-16 00:00:00
Workshop Seguridad Urbana y Prevención del Delito,FERIAS Y EXPOSICIONES,2020-02-17 00:00:00,2020-02-19 00:00:00
2020 Teaching the Next Generation of Scientists: Professional Workshop for Argentine Teachers of STEAM,CONGRESOS Y CONVENCIONES,2020-02-17 00:00:00,2020-02-21 00:00:00
"Encuentro de Evangelización, Enseñanza Religiosa y Catequesis",CONGRESOS Y CONVENCIONES,2020-02-20 00:00:00,2020-02-21 00:00:00
64° Jornada Federal de Gestión Educativa,CONGRESOS Y CONVENCIONES,2020-02-21 00:00:00,2020-02-21 00:00:00
Encuentro Casa Abierta,CONGRESOS Y CONVENCIONES,2020-02-21 00:00:00,2020-02-22 00:00:00
"1° Congreso Latinoamericano de Visión Holística
",CONGRESOS Y CONVENCIONES,2020-02-22 00:00:00,2020-02-25 00:00:00
Workshop Soñando Febrero,FERIAS Y EXPOSICIONES,2020-02-24 00:00:00,2020-02-29 00:00:00
"EAMTA 2020 14° Argentine School of Micro Nanoelectronics, Technology and Applications",CONGRESOS Y CONVENCIONES,2020-02-24 00:00:00,2020-02-28 00:00:00
"EGR Power LatAm Summit 2020
",CONGRESOS Y CONVENCIONES,2020-02-26 00:00:00,2020-02-27 00:00:00
Reunión Internacional Anti Robots Asesinos,CONGRESOS Y CONVENCIONES,2020-02-26 00:00:00,2020-02-28 00:00:00
ICIT 2020 18º IEEE International Conference on Industrial Technology,CONGRESOS Y CONVENCIONES,2020-02-26 00:00:00,2020-02-28 00:00:00
Encuentro Regional de Alineamiento Conosur Exterior,CONGRESOS Y CONVENCIONES,2020-02-27 00:00:00,2020-02-29 00:00:00
2nd Argentine Conference on Electronics CAE 2020 en el marco de EAMTA 2020,CONGRESOS Y CONVENCIONES,2020-02-27 00:00:00,2020-02-28 00:00:00
Encuentro Internacional de Herreros y Herreras,CONGRESOS Y CONVENCIONES,2020-02-27 00:00:00,2020-01-03 00:00:00
Congreso Tendencias Escénicas,CONGRESOS Y CONVENCIONES,2020-02-27 00:00:00,2020-02-28 00:00:00
Open Workshops Summer MBA,FERIAS Y EXPOSICIONES,2020-02-03 00:00:00,2020-05-03 00:00:00
Seminario CAF Desafíos para el crecimiento y el desarrollo de América Latina,CONGRESOS Y CONVENCIONES,2020-02-03 00:00:00,2020-02-03 00:00:00
Upstream Planning Summit - UP,CONGRESOS Y CONVENCIONES,2020-05-03 00:00:00,2020-05-03 00:00:00
ISEV Workshop - EVs in Immunology,FERIAS Y EXPOSICIONES,2020-05-03 00:00:00,2020-06-03 00:00:00
Jornada Agenda de Género,CONGRESOS Y CONVENCIONES,2020-05-03 00:00:00,2020-05-03 00:00:00
Seminario Buques Sustentables para la Nueva Marina Mercante Nacional,CONGRESOS Y CONVENCIONES,2020-06-03 00:00:00,2020-06-03 00:00:00
Jornada de Ciberseguridad para Universidades,CONGRESOS Y CONVENCIONES,2020-06-03 00:00:00,2020-06-03 00:00:00
Mandinga Tattoo Show,FERIAS Y EXPOSICIONES,2020-06-03 00:00:00,2020-08-03 00:00:00
Encuentro de Mujeres de la Asociación de Fiscales,CONGRESOS Y CONVENCIONES,2020-06-03 00:00:00,2020-06-03 00:00:00
Expo Enlazarte,FERIAS Y EXPOSICIONES,2020-07-03 00:00:00,2020-07-03 00:00:00
Simposio Apertura Sociedad Argentina de Dermatología,CONGRESOS Y CONVENCIONES,2020-07-03 00:00:00,2020-07-03 00:00:00
XXXII Jornadas de Investigación del ILH,CONGRESOS Y CONVENCIONES,2020-09-03 00:00:00,2020-03-13 00:00:00
"IX Seminario Internacional para Consultores de Empresa Familiar
",CONGRESOS Y CONVENCIONES,2020-09-03 00:00:00,2020-11-03 00:00:00
XVII Escuela Complutense Latinoamericana ECL,CONGRESOS Y CONVENCIONES,2020-09-03 00:00:00,2020-03-20 00:00:00
Jornadas Acciones del Plan de Desarrollo Económico e Innovación Social,CONGRESOS Y CONVENCIONES,2020-10-03 00:00:00,2020-03-13 00:00:00
Palermo Open Moda,CONGRESOS Y CONVENCIONES,2020-10-03 00:00:00,2020-03-13 00:00:00
"I Jornadas Nacionales Espacios, Afectos y Nuevas Formas de lo Cotidiano",CONGRESOS Y CONVENCIONES,2020-11-03 00:00:00,2020-03-13 00:00:00
Expo Cafira edición XXVII,FERIAS Y EXPOSICIONES,2020-11-03 00:00:00,2020-03-14 00:00:00
ACC Argentina Compliance Summit,CONGRESOS Y CONVENCIONES,2020-12-03 00:00:00,2020-12-03 00:00:00
Baires Joyas y Relojes BAJR 2020,FERIAS Y EXPOSICIONES,2020-12-03 00:00:00,2020-03-14 00:00:00
Encuentro de Comercialización Turística de AVIABUE - ECTU,FERIAS Y EXPOSICIONES,2020-12-03 00:00:00,2020-12-03 00:00:00
1° Foro de Actualización Tributaria,CONGRESOS Y CONVENCIONES,2020-12-03 00:00:00,2020-12-03 00:00:00
Conferencia Técnica Pruebas de Estrés con la Gestión de Riesgos,CONGRESOS Y CONVENCIONES,2020-12-03 00:00:00,2020-12-03 00:00:00
"XXX Jornadas de Actualizaciónes Terapéuticas, Dermatológicas y Estéticas XXV Reunión Internacional de Terapéutica Dermatológica V Curso CARA Básico y Avanzado XXII Encuentro Latinoamericano de médicos residentes V Ateneo Terapéutico Interhospitalario Curso Bioseguridad Láser I Curso internacional de Láser y Aparatología de dermoestética",CONGRESOS Y CONVENCIONES,2020-03-13 00:00:00,2020-03-15 00:00:00
Jornada Científica de la Sociedad Argentina de Hematología,CONGRESOS Y CONVENCIONES,2020-03-13 00:00:00,2020-03-13 00:00:00
WIDS Bs As Global Women in Data Science Conference Conferencia Global de Mujeres en Ciencia de Datos,CONGRESOS Y CONVENCIONES,2020-03-13 00:00:00,2020-03-13 00:00:00
