subsector;sector;ańo_emision;alcance_1;alcance_2;alcance_3;;;;;;;;;;;;;;;;;;;;
Actividades de agricultura, Forestación y otros usos de la tierra;Energía;2000;;;;;;;;;;;;;;;;;;;;;;;
Actividades de agricultura, Forestación y otros usos de la tierra;Energía;2001;;;;;;;;;;;;;;;;;;;;;;;
Actividades de agricultura, Forestación y otros usos de la tierra;Energía;2002;;;;;;;;;;;;;;;;;;;;;;;
Actividades de agricultura, Forestación y otros usos de la tierra;Energía;2003;;;;;;;;;;;;;;;;;;;;;;;
Actividades de agricultura, Forestación y otros usos de la tierra;Energía;2004;;;;;;;;;;;;;;;;;;;;;;;
Actividades de agricultura, Forestación y otros usos de la tierra;Energía;2005;;;;;;;;;;;;;;;;;;;;;;;
Actividades de agricultura, Forestación y otros usos de la tierra;Energía;2006;;;;;;;;;;;;;;;;;;;;;;;
Actividades de agricultura, Forestación y otros usos de la tierra;Energía;2007;;;;;;;;;;;;;;;;;;;;;;;
Actividades de agricultura, Forestación y otros usos de la tierra;Energía;2008;;;;;;;;;;;;;;;;;;;;;;;
Actividades de agricultura, Forestación y otros usos de la tierra;Energía;2009;;;;;;;;;;;;;;;;;;;;;;;
Actividades de agricultura, Forestación y otros usos de la tierra;Energía;2010;;;;;;;;;;;;;;;;;;;;;;;
Actividades de agricultura, Forestación y otros usos de la tierra;Energía;2011;;;;;;;;;;;;;;;;;;;;;;;
Actividades de agricultura, Forestación y otros usos de la tierra;Energía;2012;;;;;;;;;;;;;;;;;;;;;;;
Actividades de agricultura, Forestación y otros usos de la tierra;Energía;2013;;;;;;;;;;;;;;;;;;;;;;;
Actividades de agricultura, Forestación y otros usos de la tierra;Energía;2014;;;;;;;;;;;;;;;;;;;;;;;
Actividades de agricultura, Forestación y otros usos de la tierra;Energía;2015;;;;;;;;;;;;;;;;;;;;;;;
Actividades de agricultura, Forestación y otros usos de la tierra;Energía;2016;;;;;;;;;;;;;;;;;;;;;;;
Actividades de agricultura, Forestación y otros usos de la tierra;Energía;2017;;;;;;;;;;;;;;;;;;;;;;;
Actividades de agricultura, Forestación y otros usos de la tierra;Energía;2018;;;;;;;;;;;;;;;;;;;;;;;
Actividades de agricultura, Forestación y otros usos de la tierra;Energía;2019;;;;;;;;;;;;;;;;;;;;;;;
Actividades de agricultura, Forestación y otros usos de la tierra;Energía;2020;;;;;;;;;;;;;;;;;;;;;;;
Actividades de agricultura, Forestación y otros usos de la tierra;Energía;2021;;;;;;;;;;;;;;;;;;;;;;;
Actividades de agricultura, Forestación y otros usos de la tierra;Energía;2022;;;;;;;;;;;;;;;;;;;;;;;
Actividades de agricultura, Forestación y otros usos de la tierra;Energía;2023;;;;;;;;;;;;;;;;;;;;;;;
Agua residual generada en la ciudad;Residuos;2000; 62.795 ;; 274.966 ;;;;;;;;;;;;;;;;;;;;
Agua residual generada en la ciudad;Residuos;2001; 63.649 ;; 253.394 ;;;;;;;;;;;;;;;;;;;;
Agua residual generada en la ciudad;Residuos;2002; 61.584 ;; 254.480 ;;;;;;;;;;;;;;;;;;;;
Agua residual generada en la ciudad;Residuos;2003; 64.801 ;; 255.504 ;;;;;;;;;;;;;;;;;;;;
Agua residual generada en la ciudad;Residuos;2004; 68.045 ;; 257.759 ;;;;;;;;;;;;;;;;;;;;
Agua residual generada en la ciudad;Residuos;2005; 77.573 ;; 261.238 ;;;;;;;;;;;;;;;;;;;;
Agua residual generada en la ciudad;Residuos;2006; 80.419 ;; 263.337 ;;;;;;;;;;;;;;;;;;;;
Agua residual generada en la ciudad;Residuos;2007; 91.881 ;; 265.045 ;;;;;;;;;;;;;;;;;;;;
Agua residual generada en la ciudad;Residuos;2008; 90.360 ;; 266.559 ;;;;;;;;;;;;;;;;;;;;
Agua residual generada en la ciudad;Residuos;2009; 89.142 ;; 268.100 ;;;;;;;;;;;;;;;;;;;;
Agua residual generada en la ciudad;Residuos;2010; 84.401 ;; 272.051 ;;;;;;;;;;;;;;;;;;;;
Agua residual generada en la ciudad;Residuos;2011; 81.737 ;; 275.403 ;;;;;;;;;;;;;;;;;;;;
Agua residual generada en la ciudad;Residuos;2012; 82.927 ;; 277.729 ;;;;;;;;;;;;;;;;;;;;
Agua residual generada en la ciudad;Residuos;2013; 78.502 ;; 280.267 ;;;;;;;;;;;;;;;;;;;;
Agua residual generada en la ciudad;Residuos;2014; 82.728 ;; 282.682 ;;;;;;;;;;;;;;;;;;;;
Agua residual generada en la ciudad;Residuos;2015; 85.536 ;; 285.308 ;;;;;;;;;;;;;;;;;;;;
Agua residual generada en la ciudad;Residuos;2016; 76.767 ;; 287.496 ;;;;;;;;;;;;;;;;;;;;
Agua residual generada en la ciudad;Residuos;2017; 79.958 ;; 290.025 ;;;;;;;;;;;;;;;;;;;;
Agua residual generada en la ciudad;Residuos;2018; 63.271 ;; 292.739 ;;;;;;;;;;;;;;;;;;;;
Agua residual generada en la ciudad;Residuos;2019; 67.947 ;; 295.767 ;;;;;;;;;;;;;;;;;;;;
Agua residual generada en la ciudad;Residuos;2020; 60.449 ;; 298.572 ;;;;;;;;;;;;;;;;;;;;
Agua residual generada en la ciudad;Residuos;2021; 72.824 ;; 302.039 ;;;;;;;;;;;;;;;;;;;;
Agua residual generada en la ciudad;Residuos;2022; 77.947 ;; 304.859 ;;;;;;;;;;;;;;;;;;;;
Agua residual generada en la ciudad;Residuos;2023; 74.413 ;; 303.510 ;;;;;;;;;;;;;;;;;;;;
Agua residual generada fuera de la ciudad;Residuos;2000;;;;;;;;;;;;;;;;;;;;;;;
Agua residual generada fuera de la ciudad;Residuos;2001;;;;;;;;;;;;;;;;;;;;;;;
Agua residual generada fuera de la ciudad;Residuos;2002;;;;;;;;;;;;;;;;;;;;;;;
Agua residual generada fuera de la ciudad;Residuos;2003;;;;;;;;;;;;;;;;;;;;;;;
Agua residual generada fuera de la ciudad;Residuos;2004;;;;;;;;;;;;;;;;;;;;;;;
Agua residual generada fuera de la ciudad;Residuos;2005;;;;;;;;;;;;;;;;;;;;;;;
Agua residual generada fuera de la ciudad;Residuos;2006;;;;;;;;;;;;;;;;;;;;;;;
Agua residual generada fuera de la ciudad;Residuos;2007;;;;;;;;;;;;;;;;;;;;;;;
Agua residual generada fuera de la ciudad;Residuos;2008;;;;;;;;;;;;;;;;;;;;;;;
Agua residual generada fuera de la ciudad;Residuos;2009;;;;;;;;;;;;;;;;;;;;;;;
Agua residual generada fuera de la ciudad;Residuos;2010;;;;;;;;;;;;;;;;;;;;;;;
Agua residual generada fuera de la ciudad;Residuos;2011;;;;;;;;;;;;;;;;;;;;;;;
Agua residual generada fuera de la ciudad;Residuos;2012;;;;;;;;;;;;;;;;;;;;;;;
Agua residual generada fuera de la ciudad;Residuos;2013;;;;;;;;;;;;;;;;;;;;;;;
Agua residual generada fuera de la ciudad;Residuos;2014;;;;;;;;;;;;;;;;;;;;;;;
Agua residual generada fuera de la ciudad;Residuos;2015;;;;;;;;;;;;;;;;;;;;;;;
Agua residual generada fuera de la ciudad;Residuos;2016;;;;;;;;;;;;;;;;;;;;;;;
Agua residual generada fuera de la ciudad;Residuos;2017;;;;;;;;;;;;;;;;;;;;;;;
Agua residual generada fuera de la ciudad;Residuos;2018;;;;;;;;;;;;;;;;;;;;;;;
Agua residual generada fuera de la ciudad;Residuos;2019;;;;;;;;;;;;;;;;;;;;;;;
Agua residual generada fuera de la ciudad;Residuos;2020;;;;;;;;;;;;;;;;;;;;;;;
Agua residual generada fuera de la ciudad;Residuos;2021;;;;;;;;;;;;;;;;;;;;;;;
Agua residual generada fuera de la ciudad;Residuos;2022;;;;;;;;;;;;;;;;;;;;;;;
Agua residual generada fuera de la ciudad;Residuos;2023;;;;;;;;;;;;;;;;;;;;;;;
Aviación;Transporte;2000;;;;;;;;;;;;;;;;;;;;;;;
Aviación;Transporte;2001;;;;;;;;;;;;;;;;;;;;;;;
Aviación;Transporte;2002;;;;;;;;;;;;;;;;;;;;;;;
Aviación;Transporte;2003;;;;;;;;;;;;;;;;;;;;;;;
Aviación;Transporte;2004;;;;;;;;;;;;;;;;;;;;;;;
Aviación;Transporte;2005;;;;;;;;;;;;;;;;;;;;;;;
Aviación;Transporte;2006;;;;;;;;;;;;;;;;;;;;;;;
Aviación;Transporte;2007;;;;;;;;;;;;;;;;;;;;;;;
Aviación;Transporte;2008;;;;;;;;;;;;;;;;;;;;;;;
Aviación;Transporte;2009;;;;;;;;;;;;;;;;;;;;;;;
Aviación;Transporte;2010;;;;;;;;;;;;;;;;;;;;;;;
Aviación;Transporte;2011;;;;;;;;;;;;;;;;;;;;;;;
Aviación;Transporte;2012;;;;;;;;;;;;;;;;;;;;;;;
Aviación;Transporte;2013;;;;;;;;;;;;;;;;;;;;;;;
Aviación;Transporte;2014;;;;;;;;;;;;;;;;;;;;;;;
Aviación;Transporte;2015;;;;;;;;;;;;;;;;;;;;;;;
Aviación;Transporte;2016;;;;;;;;;;;;;;;;;;;;;;;
Aviación;Transporte;2017;;;;;;;;;;;;;;;;;;;;;;;
Aviación;Transporte;2018;;;;;;;;;;;;;;;;;;;;;;;
Aviación;Transporte;2019;;;;;;;;;;;;;;;;;;;;;;;
Aviación;Transporte;2020;;;;;;;;;;;;;;;;;;;;;;;
Aviación;Transporte;2021;;;;;;;;;;;;;;;;;;;;;;;
Aviación;Transporte;2022;;;;;;;;;;;;;;;;;;;;;;;
Aviación;Transporte;2023;;;;;;;;;;;;;;;;;;;;;;;
Edificios e instalaciones comerciales;Energía;2000; 753.225 ; 962.307 ; 136.808 ;;;;;;;;;;;;;;;;;;;;
Edificios e instalaciones comerciales;Energía;2001; 688.349 ; 724.782 ; 105.394 ;;;;;;;;;;;;;;;;;;;;
Edificios e instalaciones comerciales;Energía;2002; 636.307 ; 620.902 ; 101.866 ;;;;;;;;;;;;;;;;;;;;
Edificios e instalaciones comerciales;Energía;2003; 703.745 ; 663.800 ; 107.974 ;;;;;;;;;;;;;;;;;;;;
Edificios e instalaciones comerciales;Energía;2004; 734.419 ; 897.344 ; 141.931 ;;;;;;;;;;;;;;;;;;;;
Edificios e instalaciones comerciales;Energía;2005; 640.204 ; 969.062 ; 148.680 ;;;;;;;;;;;;;;;;;;;;
Edificios e instalaciones comerciales;Energía;2006; 632.136 ; 1.076.901 ; 161.733 ;;;;;;;;;;;;;;;;;;;;
Edificios e instalaciones comerciales;Energía;2007; 801.418 ; 1.243.003 ; 185.354 ;;;;;;;;;;;;;;;;;;;;
Edificios e instalaciones comerciales;Energía;2008; 725.469 ; 1.398.855 ; 202.127 ;;;;;;;;;;;;;;;;;;;;
Edificios e instalaciones comerciales;Energía;2009; 611.021 ; 1.331.971 ; 193.442 ;;;;;;;;;;;;;;;;;;;;
Edificios e instalaciones comerciales;Energía;2010; 667.624 ; 1.374.651 ; 197.393 ;;;;;;;;;;;;;;;;;;;;
Edificios e instalaciones comerciales;Energía;2011; 628.326 ; 1.503.723 ; 211.300 ;;;;;;;;;;;;;;;;;;;;
Edificios e instalaciones comerciales;Energía;2012; 692.800 ; 1.599.556 ; 221.254 ;;;;;;;;;;;;;;;;;;;;
Edificios e instalaciones comerciales;Energía;2013; 710.246 ; 1.424.028 ; 202.956 ;;;;;;;;;;;;;;;;;;;;
Edificios e instalaciones comerciales;Energía;2014; 693.250 ; 1.431.825 ; 207.182 ;;;;;;;;;;;;;;;;;;;;
Edificios e instalaciones comerciales;Energía;2015; 646.078 ; 1.547.103 ; 241.873 ;;;;;;;;;;;;;;;;;;;;
Edificios e instalaciones comerciales;Energía;2016; 636.117 ; 1.465.584 ; 235.073 ;;;;;;;;;;;;;;;;;;;;
Edificios e instalaciones comerciales;Energía;2017; 527.401 ; 1.329.973 ; 209.674 ;;;;;;;;;;;;;;;;;;;;
Edificios e instalaciones comerciales;Energía;2018; 400.829 ; 1.260.425 ; 225.033 ;;;;;;;;;;;;;;;;;;;;
Edificios e instalaciones comerciales;Energía;2019; 509.288 ; 1.032.939 ; 199.785 ;;;;;;;;;;;;;;;;;;;;
Edificios e instalaciones comerciales;Energía;2020; 364.001 ; 888.954 ; 197.725 ;;;;;;;;;;;;;;;;;;;;
Edificios e instalaciones comerciales;Energía;2021; 483.520 ; 947.261 ; 199.291 ;;;;;;;;;;;;;;;;;;;;
Edificios e instalaciones comerciales;Energía;2022; 506.238 ; 967.184 ; 200.115 ;;;;;;;;;;;;;;;;;;;;
Edificios e instalaciones comerciales;Energía;2023; 514.897 ; 868.925 ; 178.181 ;;;;;;;;;;;;;;;;;;;;
Edificios e instalaciones institucionales;Energía;2000; 91.900 ; 220.342 ; 31.328 ;;;;;;;;;;;;;;;;;;;;
Edificios e instalaciones institucionales;Energía;2001; 85.568 ; 167.256 ; 24.553 ;;;;;;;;;;;;;;;;;;;;
Edificios e instalaciones institucionales;Energía;2002; 81.923 ; 163.760 ; 26.990 ;;;;;;;;;;;;;;;;;;;;
Edificios e instalaciones institucionales;Energía;2003; 90.242 ; 261.904 ; 43.647 ;;;;;;;;;;;;;;;;;;;;
Edificios e instalaciones institucionales;Energía;2004; 93.494 ; 346.247 ; 54.516 ;;;;;;;;;;;;;;;;;;;;
Edificios e instalaciones institucionales;Energía;2005; 107.840 ; 379.286 ; 57.806 ;;;;;;;;;;;;;;;;;;;;
Edificios e instalaciones institucionales;Energía;2006; 107.570 ; 421.926 ; 64.052 ;;;;;;;;;;;;;;;;;;;;
Edificios e instalaciones institucionales;Energía;2007; 89.033 ; 499.076 ; 75.641 ;;;;;;;;;;;;;;;;;;;;
Edificios e instalaciones institucionales;Energía;2008; 100.197 ; 555.398 ; 80.515 ;;;;;;;;;;;;;;;;;;;;
Edificios e instalaciones institucionales;Energía;2009; 88.550 ; 523.172 ; 78.111 ;;;;;;;;;;;;;;;;;;;;
Edificios e instalaciones institucionales;Energía;2010; 92.678 ; 542.809 ; 80.861 ;;;;;;;;;;;;;;;;;;;;
Edificios e instalaciones institucionales;Energía;2011; 91.503 ; 612.520 ; 89.763 ;;;;;;;;;;;;;;;;;;;;
Edificios e instalaciones institucionales;Energía;2012; 91.214 ; 614.362 ; 89.918 ;;;;;;;;;;;;;;;;;;;;
Edificios e instalaciones institucionales;Energía;2013; 85.844 ; 658.838 ; 99.482 ;;;;;;;;;;;;;;;;;;;;
Edificios e instalaciones institucionales;Energía;2014; 91.169 ; 642.615 ; 101.841 ;;;;;;;;;;;;;;;;;;;;
Edificios e instalaciones institucionales;Energía;2015; 82.331 ; 623.635 ; 104.637 ;;;;;;;;;;;;;;;;;;;;
Edificios e instalaciones institucionales;Energía;2016; 95.504 ; 603.806 ; 108.730 ;;;;;;;;;;;;;;;;;;;;
Edificios e instalaciones institucionales;Energía;2017; 80.704 ; 619.450 ; 109.676 ;;;;;;;;;;;;;;;;;;;;
Edificios e instalaciones institucionales;Energía;2018; 84.131 ; 549.091 ; 107.419 ;;;;;;;;;;;;;;;;;;;;
Edificios e instalaciones institucionales;Energía;2019; 92.440 ; 444.465 ; 95.012 ;;;;;;;;;;;;;;;;;;;;
Edificios e instalaciones institucionales;Energía;2020; 49.010 ; 400.484 ; 90.393 ;;;;;;;;;;;;;;;;;;;;
Edificios e instalaciones institucionales;Energía;2021; 69.884 ; 517.921 ; 108.155 ;;;;;;;;;;;;;;;;;;;;
Edificios e instalaciones institucionales;Energía;2022; 82.996 ; 521.123 ; 105.587 ;;;;;;;;;;;;;;;;;;;;
Edificios e instalaciones institucionales;Energía;2023; 80.759 ; 434.441 ; 78.739 ;;;;;;;;;;;;;;;;;;;;
Edificios residenciales;Energía;2000; 2.556.354 ; 799.042 ; 113.348 ;;;;;;;;;;;;;;;;;;;;
Edificios residenciales;Energía;2001; 2.399.829 ; 613.545 ; 90.105 ;;;;;;;;;;;;;;;;;;;;
Edificios residenciales;Energía;2002; 2.352.363 ; 559.974 ; 92.327 ;;;;;;;;;;;;;;;;;;;;
Edificios residenciales;Energía;2003; 2.429.905 ; 658.683 ; 108.532 ;;;;;;;;;;;;;;;;;;;;
Edificios residenciales;Energía;2004; 2.370.092 ; 821.025 ; 129.507 ;;;;;;;;;;;;;;;;;;;;
Edificios residenciales;Energía;2005; 2.373.542 ; 902.477 ; 137.920 ;;;;;;;;;;;;;;;;;;;;
Edificios residenciales;Energía;2006; 2.220.058 ; 1.003.079 ; 151.617 ;;;;;;;;;;;;;;;;;;;;
Edificios residenciales;Energía;2007; 2.566.594 ; 1.255.004 ; 188.987 ;;;;;;;;;;;;;;;;;;;;
Edificios residenciales;Energía;2008; 2.338.043 ; 1.367.116 ; 197.930 ;;;;;;;;;;;;;;;;;;;;
Edificios residenciales;Energía;2009; 2.395.119 ; 1.255.246 ; 185.707 ;;;;;;;;;;;;;;;;;;;;
Edificios residenciales;Energía;2010; 2.383.691 ; 1.305.343 ; 192.364 ;;;;;;;;;;;;;;;;;;;;
Edificios residenciales;Energía;2011; 2.491.844 ; 1.467.982 ; 212.516 ;;;;;;;;;;;;;;;;;;;;
Edificios residenciales;Energía;2012; 2.417.075 ; 1.526.663 ; 219.272 ;;;;;;;;;;;;;;;;;;;;
Edificios residenciales;Energía;2013; 2.416.132 ; 1.459.478 ; 215.232 ;;;;;;;;;;;;;;;;;;;;
Edificios residenciales;Energía;2014; 2.136.741 ; 1.643.521 ; 249.044 ;;;;;;;;;;;;;;;;;;;;
Edificios residenciales;Energía;2015; 2.194.037 ; 1.618.654 ; 262.105 ;;;;;;;;;;;;;;;;;;;;
Edificios residenciales;Energía;2016; 2.259.501 ; 1.663.020 ; 282.182 ;;;;;;;;;;;;;;;;;;;;
Edificios residenciales;Energía;2017; 1.865.639 ; 1.432.867 ; 241.588 ;;;;;;;;;;;;;;;;;;;;
Edificios residenciales;Energía;2018; 1.887.698 ; 1.382.509 ; 259.310 ;;;;;;;;;;;;;;;;;;;;
Edificios residenciales;Energía;2019; 1.822.768 ; 1.130.310 ; 229.947 ;;;;;;;;;;;;;;;;;;;;
Edificios residenciales;Energía;2020; 1.854.350 ; 1.259.790 ; 282.201 ;;;;;;;;;;;;;;;;;;;;
Edificios residenciales;Energía;2021; 1.841.880 ; 1.304.799 ; 273.312 ;;;;;;;;;;;;;;;;;;;;
Edificios residenciales;Energía;2022; 1.890.205 ; 1.265.668 ; 258.792 ;;;;;;;;;;;;;;;;;;;;
Edificios residenciales;Energía;2023; 1.754.819 ; 1.099.828 ; 220.910 ;;;;;;;;;;;;;;;;;;;;
Emisiones fugitivas de minería, procesamiento, almacenamiento y transporte de carbón;Energía;2000;;;;;;;;;;;;;;;;;;;;;;;
Emisiones fugitivas de minería, procesamiento, almacenamiento y transporte de carbón;Energía;2001;;;;;;;;;;;;;;;;;;;;;;;
Emisiones fugitivas de minería, procesamiento, almacenamiento y transporte de carbón;Energía;2002;;;;;;;;;;;;;;;;;;;;;;;
Emisiones fugitivas de minería, procesamiento, almacenamiento y transporte de carbón;Energía;2003;;;;;;;;;;;;;;;;;;;;;;;
Emisiones fugitivas de minería, procesamiento, almacenamiento y transporte de carbón;Energía;2004;;;;;;;;;;;;;;;;;;;;;;;
Emisiones fugitivas de minería, procesamiento, almacenamiento y transporte de carbón;Energía;2005;;;;;;;;;;;;;;;;;;;;;;;
Emisiones fugitivas de minería, procesamiento, almacenamiento y transporte de carbón;Energía;2006;;;;;;;;;;;;;;;;;;;;;;;
Emisiones fugitivas de minería, procesamiento, almacenamiento y transporte de carbón;Energía;2007;;;;;;;;;;;;;;;;;;;;;;;
Emisiones fugitivas de minería, procesamiento, almacenamiento y transporte de carbón;Energía;2008;;;;;;;;;;;;;;;;;;;;;;;
Emisiones fugitivas de minería, procesamiento, almacenamiento y transporte de carbón;Energía;2009;;;;;;;;;;;;;;;;;;;;;;;
Emisiones fugitivas de minería, procesamiento, almacenamiento y transporte de carbón;Energía;2010;;;;;;;;;;;;;;;;;;;;;;;
Emisiones fugitivas de minería, procesamiento, almacenamiento y transporte de carbón;Energía;2011;;;;;;;;;;;;;;;;;;;;;;;
Emisiones fugitivas de minería, procesamiento, almacenamiento y transporte de carbón;Energía;2012;;;;;;;;;;;;;;;;;;;;;;;
Emisiones fugitivas de minería, procesamiento, almacenamiento y transporte de carbón;Energía;2013;;;;;;;;;;;;;;;;;;;;;;;
Emisiones fugitivas de minería, procesamiento, almacenamiento y transporte de carbón;Energía;2014;;;;;;;;;;;;;;;;;;;;;;;
Emisiones fugitivas de minería, procesamiento, almacenamiento y transporte de carbón;Energía;2015;;;;;;;;;;;;;;;;;;;;;;;
Emisiones fugitivas de minería, procesamiento, almacenamiento y transporte de carbón;Energía;2016;;;;;;;;;;;;;;;;;;;;;;;
Emisiones fugitivas de minería, procesamiento, almacenamiento y transporte de carbón;Energía;2017;;;;;;;;;;;;;;;;;;;;;;;
Emisiones fugitivas de minería, procesamiento, almacenamiento y transporte de carbón;Energía;2018;;;;;;;;;;;;;;;;;;;;;;;
Emisiones fugitivas de minería, procesamiento, almacenamiento y transporte de carbón;Energía;2019;;;;;;;;;;;;;;;;;;;;;;;
Emisiones fugitivas de minería, procesamiento, almacenamiento y transporte de carbón;Energía;2020;;;;;;;;;;;;;;;;;;;;;;;
Emisiones fugitivas de minería, procesamiento, almacenamiento y transporte de carbón;Energía;2021;;;;;;;;;;;;;;;;;;;;;;;
Emisiones fugitivas de minería, procesamiento, almacenamiento y transporte de carbón;Energía;2022;;;;;;;;;;;;;;;;;;;;;;;
Emisiones fugitivas de minería, procesamiento, almacenamiento y transporte de carbón;Energía;2023;;;;;;;;;;;;;;;;;;;;;;;
Emisiones fugitivas de sistemas de petróleo y gas natural;Energía;2000; 229.592 ;;;;;;;;;;;;;;;;;;;;;;
Emisiones fugitivas de sistemas de petróleo y gas natural;Energía;2001; 186.074 ;;;;;;;;;;;;;;;;;;;;;;
Emisiones fugitivas de sistemas de petróleo y gas natural;Energía;2002; 140.229 ;;;;;;;;;;;;;;;;;;;;;;
Emisiones fugitivas de sistemas de petróleo y gas natural;Energía;2003; 158.568 ;;;;;;;;;;;;;;;;;;;;;;
Emisiones fugitivas de sistemas de petróleo y gas natural;Energía;2004; 202.798 ;;;;;;;;;;;;;;;;;;;;;;
Emisiones fugitivas de sistemas de petróleo y gas natural;Energía;2005; 197.643 ;;;;;;;;;;;;;;;;;;;;;;
Emisiones fugitivas de sistemas de petróleo y gas natural;Energía;2006; 205.579 ;;;;;;;;;;;;;;;;;;;;;;
Emisiones fugitivas de sistemas de petróleo y gas natural;Energía;2007; 210.846 ;;;;;;;;;;;;;;;;;;;;;;
Emisiones fugitivas de sistemas de petróleo y gas natural;Energía;2008; 201.681 ;;;;;;;;;;;;;;;;;;;;;;
Emisiones fugitivas de sistemas de petróleo y gas natural;Energía;2009; 202.514 ;;;;;;;;;;;;;;;;;;;;;;
Emisiones fugitivas de sistemas de petróleo y gas natural;Energía;2010; 171.318 ;;;;;;;;;;;;;;;;;;;;;;
Emisiones fugitivas de sistemas de petróleo y gas natural;Energía;2011; 178.575 ;;;;;;;;;;;;;;;;;;;;;;
Emisiones fugitivas de sistemas de petróleo y gas natural;Energía;2012; 185.539 ;;;;;;;;;;;;;;;;;;;;;;
Emisiones fugitivas de sistemas de petróleo y gas natural;Energía;2013; 175.402 ;;;;;;;;;;;;;;;;;;;;;;
Emisiones fugitivas de sistemas de petróleo y gas natural;Energía;2014; 163.710 ;;;;;;;;;;;;;;;;;;;;;;
Emisiones fugitivas de sistemas de petróleo y gas natural;Energía;2015; 165.196 ;;;;;;;;;;;;;;;;;;;;;;
Emisiones fugitivas de sistemas de petróleo y gas natural;Energía;2016; 155.476 ;;;;;;;;;;;;;;;;;;;;;;
Emisiones fugitivas de sistemas de petróleo y gas natural;Energía;2017; 193.789 ;;;;;;;;;;;;;;;;;;;;;;
Emisiones fugitivas de sistemas de petróleo y gas natural;Energía;2018; 197.432 ;;;;;;;;;;;;;;;;;;;;;;
Emisiones fugitivas de sistemas de petróleo y gas natural;Energía;2019; 194.039 ;;;;;;;;;;;;;;;;;;;;;;
Emisiones fugitivas de sistemas de petróleo y gas natural;Energía;2020; 172.393 ;;;;;;;;;;;;;;;;;;;;;;
Emisiones fugitivas de sistemas de petróleo y gas natural;Energía;2021; 154.870 ;;;;;;;;;;;;;;;;;;;;;;
Emisiones fugitivas de sistemas de petróleo y gas natural;Energía;2022; 161.568 ;;;;;;;;;;;;;;;;;;;;;;
Emisiones fugitivas de sistemas de petróleo y gas natural;Energía;2023; 145.017 ;;;;;;;;;;;;;;;;;;;;;;
Fuentes no especificadas;Energía;2000;;;;;;;;;;;;;;;;;;;;;;;
Fuentes no especificadas;Energía;2001;;;;;;;;;;;;;;;;;;;;;;;
Fuentes no especificadas;Energía;2002;;;;;;;;;;;;;;;;;;;;;;;
Fuentes no especificadas;Energía;2003;;;;;;;;;;;;;;;;;;;;;;;
Fuentes no especificadas;Energía;2004;;;;;;;;;;;;;;;;;;;;;;;
Fuentes no especificadas;Energía;2005;;;;;;;;;;;;;;;;;;;;;;;
Fuentes no especificadas;Energía;2006;;;;;;;;;;;;;;;;;;;;;;;
Fuentes no especificadas;Energía;2007;;;;;;;;;;;;;;;;;;;;;;;
Fuentes no especificadas;Energía;2008;;;;;;;;;;;;;;;;;;;;;;;
Fuentes no especificadas;Energía;2009;;;;;;;;;;;;;;;;;;;;;;;
Fuentes no especificadas;Energía;2010;;;;;;;;;;;;;;;;;;;;;;;
Fuentes no especificadas;Energía;2011;;;;;;;;;;;;;;;;;;;;;;;
Fuentes no especificadas;Energía;2012;;;;;;;;;;;;;;;;;;;;;;;
Fuentes no especificadas;Energía;2013;;;;;;;;;;;;;;;;;;;;;;;
Fuentes no especificadas;Energía;2014;;;;;;;;;;;;;;;;;;;;;;;
Fuentes no especificadas;Energía;2015;;;;;;;;;;;;;;;;;;;;;;;
Fuentes no especificadas;Energía;2016;;;;;;;;;;;;;;;;;;;;;;;
Fuentes no especificadas;Energía;2017;;;;;;;;;;;;;;;;;;;;;;;
Fuentes no especificadas;Energía;2018;;;;;;;;;;;;;;;;;;;;;;;
Fuentes no especificadas;Energía;2019;;;;;;;;;;;;;;;;;;;;;;;
Fuentes no especificadas;Energía;2020;;;;;;;;;;;;;;;;;;;;;;;
Fuentes no especificadas;Energía;2021;;;;;;;;;;;;;;;;;;;;;;;
Fuentes no especificadas;Energía;2022;;;;;;;;;;;;;;;;;;;;;;;
Fuentes no especificadas;Energía;2023;;;;;;;;;;;;;;;;;;;;;;;
Generación de energía entregada a la red;Energía;2000; 7.478.974 ;;;;;;;;;;;;;;;;;;;;;;
Generación de energía entregada a la red;Energía;2001; 4.450.637 ;;;;;;;;;;;;;;;;;;;;;;
Generación de energía entregada a la red;Energía;2002; 2.605.448 ;;;;;;;;;;;;;;;;;;;;;;
Generación de energía entregada a la red;Energía;2003; 3.318.645 ;;;;;;;;;;;;;;;;;;;;;;
Generación de energía entregada a la red;Energía;2004; 6.824.914 ;;;;;;;;;;;;;;;;;;;;;;
Generación de energía entregada a la red;Energía;2005; 7.206.061 ;;;;;;;;;;;;;;;;;;;;;;
Generación de energía entregada a la red;Energía;2006; 8.131.776 ;;;;;;;;;;;;;;;;;;;;;;
Generación de energía entregada a la red;Energía;2007; 9.665.648 ;;;;;;;;;;;;;;;;;;;;;;
Generación de energía entregada a la red;Energía;2008; 10.164.844 ;;;;;;;;;;;;;;;;;;;;;;
Generación de energía entregada a la red;Energía;2009; 8.484.450 ;;;;;;;;;;;;;;;;;;;;;;
Generación de energía entregada a la red;Energía;2010; 8.728.532 ;;;;;;;;;;;;;;;;;;;;;;
Generación de energía entregada a la red;Energía;2011; 10.067.596 ;;;;;;;;;;;;;;;;;;;;;;
Generación de energía entregada a la red;Energía;2012; 10.049.181 ;;;;;;;;;;;;;;;;;;;;;;
Generación de energía entregada a la red;Energía;2013; 9.551.948 ;;;;;;;;;;;;;;;;;;;;;;
Generación de energía entregada a la red;Energía;2014; 9.118.239 ;;;;;;;;;;;;;;;;;;;;;;
Generación de energía entregada a la red;Energía;2015; 9.819.904 ;;;;;;;;;;;;;;;;;;;;;;
Generación de energía entregada a la red;Energía;2016; 8.991.457 ;;;;;;;;;;;;;;;;;;;;;;
Generación de energía entregada a la red;Energía;2017; 8.596.492 ;;;;;;;;;;;;;;;;;;;;;;
Generación de energía entregada a la red;Energía;2018; 6.999.672 ;;;;;;;;;;;;;;;;;;;;;;
Generación de energía entregada a la red;Energía;2019; 5.798.589 ;;;;;;;;;;;;;;;;;;;;;;
Generación de energía entregada a la red;Energía;2020; 6.155.116 ;;;;;;;;;;;;;;;;;;;;;;
Generación de energía entregada a la red;Energía;2021; 6.006.411 ;;;;;;;;;;;;;;;;;;;;;;
Generación de energía entregada a la red;Energía;2022; 6.681.316 ;;;;;;;;;;;;;;;;;;;;;;
Generación de energía entregada a la red;Energía;2023; 4.665.727 ;;;;;;;;;;;;;;;;;;;;;;
Industrias de la energía;Energía;2000;;;;;;;;;;;;;;;;;;;;;;;
Industrias de la energía;Energía;2001;;;;;;;;;;;;;;;;;;;;;;;
Industrias de la energía;Energía;2002;;;;;;;;;;;;;;;;;;;;;;;
Industrias de la energía;Energía;2003;;;;;;;;;;;;;;;;;;;;;;;
Industrias de la energía;Energía;2004;;;;;;;;;;;;;;;;;;;;;;;
Industrias de la energía;Energía;2005;;;;;;;;;;;;;;;;;;;;;;;
Industrias de la energía;Energía;2006;;;;;;;;;;;;;;;;;;;;;;;
Industrias de la energía;Energía;2007;;;;;;;;;;;;;;;;;;;;;;;
Industrias de la energía;Energía;2008;;;;;;;;;;;;;;;;;;;;;;;
Industrias de la energía;Energía;2009;;;;;;;;;;;;;;;;;;;;;;;
Industrias de la energía;Energía;2010;;;;;;;;;;;;;;;;;;;;;;;
Industrias de la energía;Energía;2011;;;;;;;;;;;;;;;;;;;;;;;
Industrias de la energía;Energía;2012;;;;;;;;;;;;;;;;;;;;;;;
Industrias de la energía;Energía;2013;;;;;;;;;;;;;;;;;;;;;;;
Industrias de la energía;Energía;2014;;;;;;;;;;;;;;;;;;;;;;;
Industrias de la energía;Energía;2015;;;;;;;;;;;;;;;;;;;;;;;
Industrias de la energía;Energía;2016;;;;;;;;;;;;;;;;;;;;;;;
Industrias de la energía;Energía;2017;;;;;;;;;;;;;;;;;;;;;;;
Industrias de la energía;Energía;2018;;;;;;;;;;;;;;;;;;;;;;;
Industrias de la energía;Energía;2019;;;;;;;;;;;;;;;;;;;;;;;
Industrias de la energía;Energía;2020;;;;;;;;;;;;;;;;;;;;;;;
Industrias de la energía;Energía;2021;;;;;;;;;;;;;;;;;;;;;;;
Industrias de la energía;Energía;2022;;;;;;;;;;;;;;;;;;;;;;;
Industrias de la energía;Energía;2023;;;;;;;;;;;;;;;;;;;;;;;
Industrias manufactureras y construcción;Energía;2000; 592.361 ; 188.164 ; 26.780 ;;;;;;;;;;;;;;;;;;;;
Industrias manufactureras y construcción;Energía;2001; 464.462 ; 118.805 ; 17.273 ;;;;;;;;;;;;;;;;;;;;
Industrias manufactureras y construcción;Energía;2002; 404.476 ; 114.139 ; 18.878 ;;;;;;;;;;;;;;;;;;;;
Industrias manufactureras y construcción;Energía;2003; 453.607 ; 142.169 ; 23.160 ;;;;;;;;;;;;;;;;;;;;
Industrias manufactureras y construcción;Energía;2004; 468.506 ; 212.951 ; 33.683 ;;;;;;;;;;;;;;;;;;;;
Industrias manufactureras y construcción;Energía;2005; 408.115 ; 250.712 ; 38.472 ;;;;;;;;;;;;;;;;;;;;
Industrias manufactureras y construcción;Energía;2006; 519.047 ; 289.510 ; 43.464 ;;;;;;;;;;;;;;;;;;;;
Industrias manufactureras y construcción;Energía;2007; 545.281 ; 316.123 ; 47.142 ;;;;;;;;;;;;;;;;;;;;
Industrias manufactureras y construcción;Energía;2008; 460.050 ; 336.808 ; 48.673 ;;;;;;;;;;;;;;;;;;;;
Industrias manufactureras y construcción;Energía;2009; 379.169 ; 300.318 ; 43.684 ;;;;;;;;;;;;;;;;;;;;
Industrias manufactureras y construcción;Energía;2010; 1.251.003 ; 316.687 ; 45.658 ;;;;;;;;;;;;;;;;;;;;
Industrias manufactureras y construcción;Energía;2011; 1.891.935 ; 344.140 ; 48.609 ;;;;;;;;;;;;;;;;;;;;
Industrias manufactureras y construcción;Energía;2012; 1.573.639 ; 336.122 ; 46.934 ;;;;;;;;;;;;;;;;;;;;
Industrias manufactureras y construcción;Energía;2013; 850.045 ; 370.877 ; 53.435 ;;;;;;;;;;;;;;;;;;;;
Industrias manufactureras y construcción;Energía;2014; 662.691 ; 324.594 ; 48.073 ;;;;;;;;;;;;;;;;;;;;
Industrias manufactureras y construcción;Energía;2015; 530.528 ; 321.225 ; 51.168 ;;;;;;;;;;;;;;;;;;;;
Industrias manufactureras y construcción;Energía;2016; 742.288 ; 427.769 ; 69.587 ;;;;;;;;;;;;;;;;;;;;
Industrias manufactureras y construcción;Energía;2017; 1.288.236 ; 275.998 ; 45.044 ;;;;;;;;;;;;;;;;;;;;
Industrias manufactureras y construcción;Energía;2018; 977.812 ; 253.622 ; 46.411 ;;;;;;;;;;;;;;;;;;;;
Industrias manufactureras y construcción;Energía;2019; 671.055 ; 208.505 ; 41.251 ;;;;;;;;;;;;;;;;;;;;
Industrias manufactureras y construcción;Energía;2020; 617.868 ; 192.376 ; 42.901 ;;;;;;;;;;;;;;;;;;;;
Industrias manufactureras y construcción;Energía;2021; 609.987 ; 219.560 ; 46.130 ;;;;;;;;;;;;;;;;;;;;
Industrias manufactureras y construcción;Energía;2022; 547.795 ; 221.505 ; 45.662 ;;;;;;;;;;;;;;;;;;;;
Industrias manufactureras y construcción;Energía;2023; 454.343 ; 178.045 ; 36.237 ;;;;;;;;;;;;;;;;;;;;
Navegación;Transporte;2000;;;;;;;;;;;;;;;;;;;;;;;
Navegación;Transporte;2001;;;;;;;;;;;;;;;;;;;;;;;
Navegación;Transporte;2002;;;;;;;;;;;;;;;;;;;;;;;
Navegación;Transporte;2003;;;;;;;;;;;;;;;;;;;;;;;
Navegación;Transporte;2004;;;;;;;;;;;;;;;;;;;;;;;
Navegación;Transporte;2005;;;;;;;;;;;;;;;;;;;;;;;
Navegación;Transporte;2006;;;;;;;;;;;;;;;;;;;;;;;
Navegación;Transporte;2007;;;;;;;;;;;;;;;;;;;;;;;
Navegación;Transporte;2008;;;;;;;;;;;;;;;;;;;;;;;
Navegación;Transporte;2009;;;;;;;;;;;;;;;;;;;;;;;
Navegación;Transporte;2010;;;;;;;;;;;;;;;;;;;;;;;
Navegación;Transporte;2011;;;;;;;;;;;;;;;;;;;;;;;
Navegación;Transporte;2012;;;;;;;;;;;;;;;;;;;;;;;
Navegación;Transporte;2013;;;;;;;;;;;;;;;;;;;;;;;
Navegación;Transporte;2014;;;;;;;;;;;;;;;;;;;;;;;
Navegación;Transporte;2015;;;;;;;;;;;;;;;;;;;;;;;
Navegación;Transporte;2016;;;;;;;;;;;;;;;;;;;;;;;
Navegación;Transporte;2017;;;;;;;;;;;;;;;;;;;;;;;
Navegación;Transporte;2018;;;;;;;;;;;;;;;;;;;;;;;
Navegación;Transporte;2019;;;;;;;;;;;;;;;;;;;;;;;
Navegación;Transporte;2020;;;;;;;;;;;;;;;;;;;;;;;
Navegación;Transporte;2021;;;;;;;;;;;;;;;;;;;;;;;
Navegación;Transporte;2022;;;;;;;;;;;;;;;;;;;;;;;
Navegación;Transporte;2023;;;;;;;;;;;;;;;;;;;;;;;
Residuos biológicos generados en la ciudad;Residuos;2000;;;;;;;;;;;;;;;;;;;;;;;
Residuos biológicos generados en la ciudad;Residuos;2001;;;;;;;;;;;;;;;;;;;;;;;
Residuos biológicos generados en la ciudad;Residuos;2002;;;;;;;;;;;;;;;;;;;;;;;
Residuos biológicos generados en la ciudad;Residuos;2003;;;;;;;;;;;;;;;;;;;;;;;
Residuos biológicos generados en la ciudad;Residuos;2004;;;;;;;;;;;;;;;;;;;;;;;
Residuos biológicos generados en la ciudad;Residuos;2005;;;;;;;;;;;;;;;;;;;;;;;
Residuos biológicos generados en la ciudad;Residuos;2006;;;;;;;;;;;;;;;;;;;;;;;
Residuos biológicos generados en la ciudad;Residuos;2007;;;;;;;;;;;;;;;;;;;;;;;
Residuos biológicos generados en la ciudad;Residuos;2008;;;;;;;;;;;;;;;;;;;;;;;
Residuos biológicos generados en la ciudad;Residuos;2009;;;;;;;;;;;;;;;;;;;;;;;
Residuos biológicos generados en la ciudad;Residuos;2010;;;;;;;;;;;;;;;;;;;;;;;
Residuos biológicos generados en la ciudad;Residuos;2011;;;;;;;;;;;;;;;;;;;;;;;
Residuos biológicos generados en la ciudad;Residuos;2012;;;;;;;;;;;;;;;;;;;;;;;
Residuos biológicos generados en la ciudad;Residuos;2013;;; 5.683 ;;;;;;;;;;;;;;;;;;;;
Residuos biológicos generados en la ciudad;Residuos;2014;;; 11.601 ;;;;;;;;;;;;;;;;;;;;
Residuos biológicos generados en la ciudad;Residuos;2015;;; 9.752 ;;;;;;;;;;;;;;;;;;;;
Residuos biológicos generados en la ciudad;Residuos;2016;;; 10.371 ;;;;;;;;;;;;;;;;;;;;
Residuos biológicos generados en la ciudad;Residuos;2017;;; 11.150 ;;;;;;;;;;;;;;;;;;;;
Residuos biológicos generados en la ciudad;Residuos;2018;;; 11.668 ;;;;;;;;;;;;;;;;;;;;
Residuos biológicos generados en la ciudad;Residuos;2019;;; 8.696 ;;;;;;;;;;;;;;;;;;;;
Residuos biológicos generados en la ciudad;Residuos;2020;;; 8.743 ;;;;;;;;;;;;;;;;;;;;
Residuos biológicos generados en la ciudad;Residuos;2021;;; 8.690 ;;;;;;;;;;;;;;;;;;;;
Residuos biológicos generados en la ciudad;Residuos;2022;;; 8.268 ;;;;;;;;;;;;;;;;;;;;
Residuos biológicos generados en la ciudad;Residuos;2023;;; 12.011 ;;;;;;;;;;;;;;;;;;;;
Residuos biológicos generados fuera de la ciudad;Residuos;2000;;;;;;;;;;;;;;;;;;;;;;;
Residuos biológicos generados fuera de la ciudad;Residuos;2001;;;;;;;;;;;;;;;;;;;;;;;
Residuos biológicos generados fuera de la ciudad;Residuos;2002;;;;;;;;;;;;;;;;;;;;;;;
Residuos biológicos generados fuera de la ciudad;Residuos;2003;;;;;;;;;;;;;;;;;;;;;;;
Residuos biológicos generados fuera de la ciudad;Residuos;2004;;;;;;;;;;;;;;;;;;;;;;;
Residuos biológicos generados fuera de la ciudad;Residuos;2005;;;;;;;;;;;;;;;;;;;;;;;
Residuos biológicos generados fuera de la ciudad;Residuos;2006;;;;;;;;;;;;;;;;;;;;;;;
Residuos biológicos generados fuera de la ciudad;Residuos;2007;;;;;;;;;;;;;;;;;;;;;;;
Residuos biológicos generados fuera de la ciudad;Residuos;2008;;;;;;;;;;;;;;;;;;;;;;;
Residuos biológicos generados fuera de la ciudad;Residuos;2009;;;;;;;;;;;;;;;;;;;;;;;
Residuos biológicos generados fuera de la ciudad;Residuos;2010;;;;;;;;;;;;;;;;;;;;;;;
Residuos biológicos generados fuera de la ciudad;Residuos;2011;;;;;;;;;;;;;;;;;;;;;;;
Residuos biológicos generados fuera de la ciudad;Residuos;2012;;;;;;;;;;;;;;;;;;;;;;;
Residuos biológicos generados fuera de la ciudad;Residuos;2013;;;;;;;;;;;;;;;;;;;;;;;
Residuos biológicos generados fuera de la ciudad;Residuos;2014;;;;;;;;;;;;;;;;;;;;;;;
Residuos biológicos generados fuera de la ciudad;Residuos;2015;;;;;;;;;;;;;;;;;;;;;;;
Residuos biológicos generados fuera de la ciudad;Residuos;2016;;;;;;;;;;;;;;;;;;;;;;;
Residuos biológicos generados fuera de la ciudad;Residuos;2017;;;;;;;;;;;;;;;;;;;;;;;
Residuos biológicos generados fuera de la ciudad;Residuos;2018;;;;;;;;;;;;;;;;;;;;;;;
Residuos biológicos generados fuera de la ciudad;Residuos;2019;;;;;;;;;;;;;;;;;;;;;;;
Residuos biológicos generados fuera de la ciudad;Residuos;2020;;;;;;;;;;;;;;;;;;;;;;;
Residuos biológicos generados fuera de la ciudad;Residuos;2021;;;;;;;;;;;;;;;;;;;;;;;
Residuos biológicos generados fuera de la ciudad;Residuos;2022;;;;;;;;;;;;;;;;;;;;;;;
Residuos biológicos generados fuera de la ciudad;Residuos;2023;;;;;;;;;;;;;;;;;;;;;;;
Residuos incinerados y quemados generados fuera de la ciudad;Residuos;2000;;;;;;;;;;;;;;;;;;;;;;;
Residuos incinerados y quemados generados fuera de la ciudad;Residuos;2001;;;;;;;;;;;;;;;;;;;;;;;
Residuos incinerados y quemados generados fuera de la ciudad;Residuos;2002;;;;;;;;;;;;;;;;;;;;;;;
Residuos incinerados y quemados generados fuera de la ciudad;Residuos;2003;;;;;;;;;;;;;;;;;;;;;;;
Residuos incinerados y quemados generados fuera de la ciudad;Residuos;2004;;;;;;;;;;;;;;;;;;;;;;;
Residuos incinerados y quemados generados fuera de la ciudad;Residuos;2005;;;;;;;;;;;;;;;;;;;;;;;
Residuos incinerados y quemados generados fuera de la ciudad;Residuos;2006;;;;;;;;;;;;;;;;;;;;;;;
Residuos incinerados y quemados generados fuera de la ciudad;Residuos;2007;;;;;;;;;;;;;;;;;;;;;;;
Residuos incinerados y quemados generados fuera de la ciudad;Residuos;2008;;;;;;;;;;;;;;;;;;;;;;;
Residuos incinerados y quemados generados fuera de la ciudad;Residuos;2009;;;;;;;;;;;;;;;;;;;;;;;
Residuos incinerados y quemados generados fuera de la ciudad;Residuos;2010;;;;;;;;;;;;;;;;;;;;;;;
Residuos incinerados y quemados generados fuera de la ciudad;Residuos;2011;;;;;;;;;;;;;;;;;;;;;;;
Residuos incinerados y quemados generados fuera de la ciudad;Residuos;2012;;;;;;;;;;;;;;;;;;;;;;;
Residuos incinerados y quemados generados fuera de la ciudad;Residuos;2013;;;;;;;;;;;;;;;;;;;;;;;
Residuos incinerados y quemados generados fuera de la ciudad;Residuos;2014;;;;;;;;;;;;;;;;;;;;;;;
Residuos incinerados y quemados generados fuera de la ciudad;Residuos;2015;;;;;;;;;;;;;;;;;;;;;;;
Residuos incinerados y quemados generados fuera de la ciudad;Residuos;2016;;;;;;;;;;;;;;;;;;;;;;;
Residuos incinerados y quemados generados fuera de la ciudad;Residuos;2017;;;;;;;;;;;;;;;;;;;;;;;
Residuos incinerados y quemados generados fuera de la ciudad;Residuos;2018;;;;;;;;;;;;;;;;;;;;;;;
Residuos incinerados y quemados generados fuera de la ciudad;Residuos;2019;;;;;;;;;;;;;;;;;;;;;;;
Residuos incinerados y quemados generados fuera de la ciudad;Residuos;2020;;;;;;;;;;;;;;;;;;;;;;;
Residuos incinerados y quemados generados fuera de la ciudad;Residuos;2021;;;;;;;;;;;;;;;;;;;;;;;
Residuos incinerados y quemados generados fuera de la ciudad;Residuos;2022;;;;;;;;;;;;;;;;;;;;;;;
Residuos incinerados y quemados generados fuera de la ciudad;Residuos;2023;;;;;;;;;;;;;;;;;;;;;;;
Residuos incinerados y quemados generados en la ciudad;Residuos;2000;;;;;;;;;;;;;;;;;;;;;;;
Residuos incinerados y quemados generados en la ciudad;Residuos;2001;;;;;;;;;;;;;;;;;;;;;;;
Residuos incinerados y quemados generados en la ciudad;Residuos;2002;;;;;;;;;;;;;;;;;;;;;;;
Residuos incinerados y quemados generados en la ciudad;Residuos;2003;;;;;;;;;;;;;;;;;;;;;;;
Residuos incinerados y quemados generados en la ciudad;Residuos;2004;;;;;;;;;;;;;;;;;;;;;;;
Residuos incinerados y quemados generados en la ciudad;Residuos;2005;;;;;;;;;;;;;;;;;;;;;;;
Residuos incinerados y quemados generados en la ciudad;Residuos;2006;;;;;;;;;;;;;;;;;;;;;;;
Residuos incinerados y quemados generados en la ciudad;Residuos;2007;;;;;;;;;;;;;;;;;;;;;;;
Residuos incinerados y quemados generados en la ciudad;Residuos;2008;;;;;;;;;;;;;;;;;;;;;;;
Residuos incinerados y quemados generados en la ciudad;Residuos;2009;;;;;;;;;;;;;;;;;;;;;;;
Residuos incinerados y quemados generados en la ciudad;Residuos;2010;;;;;;;;;;;;;;;;;;;;;;;
Residuos incinerados y quemados generados en la ciudad;Residuos;2011;;;;;;;;;;;;;;;;;;;;;;;
Residuos incinerados y quemados generados en la ciudad;Residuos;2012;;;;;;;;;;;;;;;;;;;;;;;
Residuos incinerados y quemados generados en la ciudad;Residuos;2013;;;;;;;;;;;;;;;;;;;;;;;
Residuos incinerados y quemados generados en la ciudad;Residuos;2014;;;;;;;;;;;;;;;;;;;;;;;
Residuos incinerados y quemados generados en la ciudad;Residuos;2015;;;;;;;;;;;;;;;;;;;;;;;
Residuos incinerados y quemados generados en la ciudad;Residuos;2016;;;;;;;;;;;;;;;;;;;;;;;
Residuos incinerados y quemados generados en la ciudad;Residuos;2017;;;;;;;;;;;;;;;;;;;;;;;
Residuos incinerados y quemados generados en la ciudad;Residuos;2018;;;;;;;;;;;;;;;;;;;;;;;
Residuos incinerados y quemados generados en la ciudad;Residuos;2020;;;;;;;;;;;;;;;;;;;;;;;
Residuos incinerados y quemados generados en la ciudad;Residuos;2019;;;;;;;;;;;;;;;;;;;;;;;
Residuos incinerados y quemados generados en la ciudad;Residuos;2020;;;;;;;;;;;;;;;;;;;;;;;
Residuos incinerados y quemados generados en la ciudad;Residuos;2021;;;;;;;;;;;;;;;;;;;;;;;
Residuos incinerados y quemados generados en la ciudad;Residuos;2022;;;;;;;;;;;;;;;;;;;;;;;
Residuos incinerados y quemados generados en la ciudad;Residuos;2023;;;;;;;;;;;;;;;;;;;;;;;
Residuos sólidos generados en la ciudad;Residuos;2000;;; 1.657.834 ;;;;;;;;;;;;;;;;;;;;
Residuos sólidos generados en la ciudad;Residuos;2001;;; 1.700.636 ;;;;;;;;;;;;;;;;;;;;
Residuos sólidos generados en la ciudad;Residuos;2002;;; 1.729.249 ;;;;;;;;;;;;;;;;;;;;
Residuos sólidos generados en la ciudad;Residuos;2003;;; 1.709.993 ;;;;;;;;;;;;;;;;;;;;
Residuos sólidos generados en la ciudad;Residuos;2004;;; 1.695.057 ;;;;;;;;;;;;;;;;;;;;
Residuos sólidos generados en la ciudad;Residuos;2005;;; 1.695.793 ;;;;;;;;;;;;;;;;;;;;
Residuos sólidos generados en la ciudad;Residuos;2006;;; 1.674.203 ;;;;;;;;;;;;;;;;;;;;
Residuos sólidos generados en la ciudad;Residuos;2007;;; 1.667.839 ;;;;;;;;;;;;;;;;;;;;
Residuos sólidos generados en la ciudad;Residuos;2008;;; 1.607.921 ;;;;;;;;;;;;;;;;;;;;
Residuos sólidos generados en la ciudad;Residuos;2009;;; 1.585.722 ;;;;;;;;;;;;;;;;;;;;
Residuos sólidos generados en la ciudad;Residuos;2010;;; 1.548.948 ;;;;;;;;;;;;;;;;;;;;
Residuos sólidos generados en la ciudad;Residuos;2011;;; 1.632.901 ;;;;;;;;;;;;;;;;;;;;
Residuos sólidos generados en la ciudad;Residuos;2012;;; 1.781.592 ;;;;;;;;;;;;;;;;;;;;
Residuos sólidos generados en la ciudad;Residuos;2013;;; 1.879.738 ;;;;;;;;;;;;;;;;;;;;
Residuos sólidos generados en la ciudad;Residuos;2014;;; 1.977.348 ;;;;;;;;;;;;;;;;;;;;
Residuos sólidos generados en la ciudad;Residuos;2015;;; 1.966.444 ;;;;;;;;;;;;;;;;;;;;
Residuos sólidos generados en la ciudad;Residuos;2016;;; 1.936.919 ;;;;;;;;;;;;;;;;;;;;
Residuos sólidos generados en la ciudad;Residuos;2017;;; 1.886.777 ;;;;;;;;;;;;;;;;;;;;
Residuos sólidos generados en la ciudad;Residuos;2018;;; 1.795.348 ;;;;;;;;;;;;;;;;;;;;
Residuos sólidos generados en la ciudad;Residuos;2019;;; 1.740.309 ;;;;;;;;;;;;;;;;;;;;
Residuos sólidos generados en la ciudad;Residuos;2020;;; 1.686.885 ;;;;;;;;;;;;;;;;;;;;
Residuos sólidos generados en la ciudad;Residuos;2021;;; 1.598.751 ;;;;;;;;;;;;;;;;;;;;
Residuos sólidos generados en la ciudad;Residuos;2022;;; 1.524.867 ;;;;;;;;;;;;;;;;;;;;
Residuos sólidos generados en la ciudad;Residuos;2023;;; 1.463.246 ;;;;;;;;;;;;;;;;;;;;
Residuos sólidos generados fuera de la ciudad;Residuos;2000;;;;;;;;;;;;;;;;;;;;;;;
Residuos sólidos generados fuera de la ciudad;Residuos;2001;;;;;;;;;;;;;;;;;;;;;;;
Residuos sólidos generados fuera de la ciudad;Residuos;2002;;;;;;;;;;;;;;;;;;;;;;;
Residuos sólidos generados fuera de la ciudad;Residuos;2003;;;;;;;;;;;;;;;;;;;;;;;
Residuos sólidos generados fuera de la ciudad;Residuos;2004;;;;;;;;;;;;;;;;;;;;;;;
Residuos sólidos generados fuera de la ciudad;Residuos;2005;;;;;;;;;;;;;;;;;;;;;;;
Residuos sólidos generados fuera de la ciudad;Residuos;2006;;;;;;;;;;;;;;;;;;;;;;;
Residuos sólidos generados fuera de la ciudad;Residuos;2007;;;;;;;;;;;;;;;;;;;;;;;
Residuos sólidos generados fuera de la ciudad;Residuos;2008;;;;;;;;;;;;;;;;;;;;;;;
Residuos sólidos generados fuera de la ciudad;Residuos;2009;;;;;;;;;;;;;;;;;;;;;;;
Residuos sólidos generados fuera de la ciudad;Residuos;2010;;;;;;;;;;;;;;;;;;;;;;;
Residuos sólidos generados fuera de la ciudad;Residuos;2011;;;;;;;;;;;;;;;;;;;;;;;
Residuos sólidos generados fuera de la ciudad;Residuos;2012;;;;;;;;;;;;;;;;;;;;;;;
Residuos sólidos generados fuera de la ciudad;Residuos;2013;;;;;;;;;;;;;;;;;;;;;;;
Residuos sólidos generados fuera de la ciudad;Residuos;2014;;;;;;;;;;;;;;;;;;;;;;;
Residuos sólidos generados fuera de la ciudad;Residuos;2015;;;;;;;;;;;;;;;;;;;;;;;
Residuos sólidos generados fuera de la ciudad;Residuos;2016;;;;;;;;;;;;;;;;;;;;;;;
Residuos sólidos generados fuera de la ciudad;Residuos;2017;;;;;;;;;;;;;;;;;;;;;;;
Residuos sólidos generados fuera de la ciudad;Residuos;2018;;;;;;;;;;;;;;;;;;;;;;;
Residuos sólidos generados fuera de la ciudad;Residuos;2019;;;;;;;;;;;;;;;;;;;;;;;
Residuos sólidos generados fuera de la ciudad;Residuos;2020;;;;;;;;;;;;;;;;;;;;;;;
Residuos sólidos generados fuera de la ciudad;Residuos;2021;;;;;;;;;;;;;;;;;;;;;;;
Residuos sólidos generados fuera de la ciudad;Residuos;2022;;;;;;;;;;;;;;;;;;;;;;;
Residuos sólidos generados fuera de la ciudad;Residuos;2023;;;;;;;;;;;;;;;;;;;;;;;
Transporte Carretero;Transporte;2000; 3.292.812 ;;;;;;;;;;;;;;;;;;;;;;
Transporte Carretero;Transporte;2001; 3.420.532 ;;;;;;;;;;;;;;;;;;;;;;
Transporte Carretero;Transporte;2002; 3.319.500 ;;;;;;;;;;;;;;;;;;;;;;
Transporte Carretero;Transporte;2003; 3.406.032 ;;;;;;;;;;;;;;;;;;;;;;
Transporte Carretero;Transporte;2004; 3.369.427 ;;;;;;;;;;;;;;;;;;;;;;
Transporte Carretero;Transporte;2005; 3.269.675 ;;;;;;;;;;;;;;;;;;;;;;
Transporte Carretero;Transporte;2006; 3.127.802 ;;;;;;;;;;;;;;;;;;;;;;
Transporte Carretero;Transporte;2007; 3.374.759 ;;;;;;;;;;;;;;;;;;;;;;
Transporte Carretero;Transporte;2008; 3.447.880 ;;;;;;;;;;;;;;;;;;;;;;
Transporte Carretero;Transporte;2009; 3.419.034 ;;;;;;;;;;;;;;;;;;;;;;
Transporte Carretero;Transporte;2010; 3.406.060 ;;;;;;;;;;;;;;;;;;;;;;
Transporte Carretero;Transporte;2011; 3.356.496 ;;;;;;;;;;;;;;;;;;;;;;
Transporte Carretero;Transporte;2012; 3.446.391 ;;;;;;;;;;;;;;;;;;;;;;
Transporte Carretero;Transporte;2013; 3.734.408 ;;;;;;;;;;;;;;;;;;;;;;
Transporte Carretero;Transporte;2014; 3.366.281 ;;;;;;;;;;;;;;;;;;;;;;
Transporte Carretero;Transporte;2015; 3.378.921 ;;;;;;;;;;;;;;;;;;;;;;
Transporte Carretero;Transporte;2016; 3.457.223 ;;;;;;;;;;;;;;;;;;;;;;
Transporte Carretero;Transporte;2017; 3.384.463 ;;;;;;;;;;;;;;;;;;;;;;
Transporte Carretero;Transporte;2018; 3.387.292 ;;;;;;;;;;;;;;;;;;;;;;
Transporte Carretero;Transporte;2019; 3.365.488 ;;;;;;;;;;;;;;;;;;;;;;
Transporte Carretero;Transporte;2020; 2.386.986 ;;;;;;;;;;;;;;;;;;;;;;
Transporte Carretero;Transporte;2021; 2.786.059 ;;;;;;;;;;;;;;;;;;;;;;
Transporte Carretero;Transporte;2022; 3.091.603 ;;;;;;;;;;;;;;;;;;;;;;
Transporte Carretero;Transporte;2023; 3.334.964 ;;;;;;;;;;;;;;;;;;;;;;
Transporte fuera de rutas;Transporte;2000;;;;;;;;;;;;;;;;;;;;;;;
Transporte fuera de rutas;Transporte;2001;;;;;;;;;;;;;;;;;;;;;;;
Transporte fuera de rutas;Transporte;2002;;;;;;;;;;;;;;;;;;;;;;;
Transporte fuera de rutas;Transporte;2003;;;;;;;;;;;;;;;;;;;;;;;
Transporte fuera de rutas;Transporte;2004;;;;;;;;;;;;;;;;;;;;;;;
Transporte fuera de rutas;Transporte;2005;;;;;;;;;;;;;;;;;;;;;;;
Transporte fuera de rutas;Transporte;2006;;;;;;;;;;;;;;;;;;;;;;;
Transporte fuera de rutas;Transporte;2007;;;;;;;;;;;;;;;;;;;;;;;
Transporte fuera de rutas;Transporte;2008;;;;;;;;;;;;;;;;;;;;;;;
Transporte fuera de rutas;Transporte;2009;;;;;;;;;;;;;;;;;;;;;;;
Transporte fuera de rutas;Transporte;2010;;;;;;;;;;;;;;;;;;;;;;;
Transporte fuera de rutas;Transporte;2011;;;;;;;;;;;;;;;;;;;;;;;
Transporte fuera de rutas;Transporte;2012;;;;;;;;;;;;;;;;;;;;;;;
Transporte fuera de rutas;Transporte;2013;;;;;;;;;;;;;;;;;;;;;;;
Transporte fuera de rutas;Transporte;2014;;;;;;;;;;;;;;;;;;;;;;;
Transporte fuera de rutas;Transporte;2015;;;;;;;;;;;;;;;;;;;;;;;
Transporte fuera de rutas;Transporte;2016;;;;;;;;;;;;;;;;;;;;;;;
Transporte fuera de rutas;Transporte;2017;;;;;;;;;;;;;;;;;;;;;;;
Transporte fuera de rutas;Transporte;2018;;;;;;;;;;;;;;;;;;;;;;;
Transporte fuera de rutas;Transporte;2019;;;;;;;;;;;;;;;;;;;;;;;
Transporte fuera de rutas;Transporte;2020;;;;;;;;;;;;;;;;;;;;;;;
Transporte fuera de rutas;Transporte;2021;;;;;;;;;;;;;;;;;;;;;;;
Transporte fuera de rutas;Transporte;2022;;;;;;;;;;;;;;;;;;;;;;;
Transporte fuera de rutas;Transporte;2023;;;;;;;;;;;;;;;;;;;;;;;
Trenes y subtes;Transporte;2000; 17.729 ; 49.201 ; 14.841 ;;;;;;;;;;;;;;;;;;;;
Trenes y subtes;Transporte;2001; 17.837 ; 34.132 ; 12.551 ;;;;;;;;;;;;;;;;;;;;
Trenes y subtes;Transporte;2002; 15.662 ; 33.378 ; 11.418 ;;;;;;;;;;;;;;;;;;;;
Trenes y subtes;Transporte;2003; 14.819 ; 35.572 ; 11.738 ;;;;;;;;;;;;;;;;;;;;
Trenes y subtes;Transporte;2004; 14.830 ; 53.618 ; 14.369 ;;;;;;;;;;;;;;;;;;;;
Trenes y subtes;Transporte;2005; 14.264 ; 60.527 ; 15.090 ;;;;;;;;;;;;;;;;;;;;
Trenes y subtes;Transporte;2006; 16.514 ; 51.086 ; 14.050 ;;;;;;;;;;;;;;;;;;;;
Trenes y subtes;Transporte;2007; 16.024 ; 78.325 ; 17.756 ;;;;;;;;;;;;;;;;;;;;
Trenes y subtes;Transporte;2008; 16.304 ; 90.622 ; 19.398 ;;;;;;;;;;;;;;;;;;;;
Trenes y subtes;Transporte;2009; 16.872 ; 83.653 ; 18.880 ;;;;;;;;;;;;;;;;;;;;
Trenes y subtes;Transporte;2010; 17.070 ; 88.235 ; 19.396 ;;;;;;;;;;;;;;;;;;;;
Trenes y subtes;Transporte;2011; 16.694 ; 99.432 ; 20.605 ;;;;;;;;;;;;;;;;;;;;
Trenes y subtes;Transporte;2012; 16.965 ; 96.379 ; 19.843 ;;;;;;;;;;;;;;;;;;;;
Trenes y subtes;Transporte;2013; 16.246 ; 79.179 ; 17.571 ;;;;;;;;;;;;;;;;;;;;
Trenes y subtes;Transporte;2014; 16.433 ; 81.386 ; 19.431 ;;;;;;;;;;;;;;;;;;;;
Trenes y subtes;Transporte;2015; 16.712 ; 80.544 ; 19.719 ;;;;;;;;;;;;;;;;;;;;
Trenes y subtes;Transporte;2016; 14.685 ; 57.873 ; 13.217 ;;;;;;;;;;;;;;;;;;;;
Trenes y subtes;Transporte;2017; 14.305 ; 48.143 ; 11.376 ;;;;;;;;;;;;;;;;;;;;
Trenes y subtes;Transporte;2018; 13.180 ; 45.918 ; 8.632 ;;;;;;;;;;;;;;;;;;;;
Trenes y subtes;Transporte;2019; 13.748 ; 40.079 ; 8.228 ;;;;;;;;;;;;;;;;;;;;
Trenes y subtes;Transporte;2020; 12.434 ; 36.430 ; 8.471 ;;;;;;;;;;;;;;;;;;;;
Trenes y subtes;Transporte;2021; 11.994 ; 31.967 ; 7.077 ;;;;;;;;;;;;;;;;;;;;
Trenes y subtes;Transporte;2022; 13.732 ; 27.144 ; 6.025 ;;;;;;;;;;;;;;;;;;;;
Trenes y subtes;Transporte;2023; 11.862 ; 28.095 ; 6.148 ;;;;;;;;;;;;;;;;;;;;
;;;;;;;;;;;;;;;;;;;;;;;;;
;;;;;;;;;;;;;;;;;;;;;;;;;
;;;;;;;;;;;;;;;;;;;;;;;;;
;;;;;;;;;;;;;;;;;;;;;;;;;
;;;;;;;;;;;;;;;;;;;;;;;;;
;;;;;;;;;;;;;;;;;;;;;;;;;
;;;;;;;;;;;;;;;;;;;;;;;;;
;;;;;;;;;;;;;;;;;;;;;;;;;
;;;;;;;;;;;;;;;;;;;;;;;;;
;;;;;;;;;;;;;;;;;;;;;;;;;
;;;;;;;;;;;;;;;;;;;;;;;;;
;;;;;;;;;;;;;;;;;;;;;;;;;
;;;;;;;;;;;;;;;;;;;;;;;;;
;;;;;;;;;;;;;;;;;;;;;;;;;
;;;;;;;;;;;;;;;;;;;;;;;;;
;;;;;;;;;;;;;;;;;;;;;;;;;
;;;;;;;;;;;;;;;;;;;;;;;;;
;;;;;;;;;;;;;;;;;;;;;;;;;
;;;;;;;;;;;;;;;;;;;;;;;;;
;;;;;;;;;;;;;;;;;;;;;;;;;
;;;;;;;;;;;;;;;;;;;;;;;;;
;;;;;;;;;;;;;;;;;;;;;;;;;
;;;;;;;;;;;;;;;;;;;;;;;;;
;;;;;;;;;;;;;;;;;;;;;;;;;
;;;;;;;;;;;;;;;;;;;;;;;;;
;;;;;;;;;;;;;;;;;;;;;;;;;
;;;;;;;;;;;;;;;;;;;;;;;;;
;;;;;;;;;;;;;;;;;;;;;;;;;
;;;;;;;;;;;;;;;;;;;;;;;;;
;;;;;;;;;;;;;;;;;;;;;;;;;
;;;;;;;;;;;;;;;;;;;;;;;;;
;;;;;;;;;;;;;;;;;;;;;;;;;
;;;;;;;;;;;;;;;;;;;;;;;;;
;;;;;;;;;;;;;;;;;;;;;;;;;
;;;;;;;;;;;;;;;;;;;;;;;;;
;;;;;;;;;;;;;;;;;;;;;;;;;
;;;;;;;;;;;;;;;;;;;;;;;;;
;;;;;;;;;;;;;;;;;;;;;;;;;
;;;;;;;;;;;;;;;;;;;;;;;;;
;;;;;;;;;;;;;;;;;;;;;;;;;
;;;;;;;;;;;;;;;;;;;;;;;;;
;;;;;;;;;;;;;;;;;;;;;;;;;
;;;;;;;;;;;;;;;;;;;;;;;;;
;;;;;;;;;;;;;;;;;;;;;;;;;
;;;;;;;;;;;;;;;;;;;;;;;;;
;;;;;;;;;;;;;;;;;;;;;;;;;
;;;;;;;;;;;;;;;;;;;;;;;;;
;;;;;;;;;;;;;;;;;;;;;;;;;
;;;;;;;;;;;;;;;;;;;;;;;;;
;;;;;;;;;;;;;;;;;;;;;;;;;
;;;;;;;;;;;;;;;;;;;;;;;;;
;;;;;;;;;;;;;;;;;;;;;;;;;
;;;;;;;;;;;;;;;;;;;;;;;;;
;;;;;;;;;;;;;;;;;;;;;;;;;
;;;;;;;;;;;;;;;;;;;;;;;;;
;;;;;;;;;;;;;;;;;;;;;;;;;
;;;;;;;;;;;;;;;;;;;;;;;;;
;;;;;;;;;;;;;;;;;;;;;;;;;
;;;;;;;;;;;;;;;;;;;;;;;;;
;;;;;;;;;;;;;;;;;;;;;;;;;
;;;;;;;;;;;;;;;;;;;;;;;;;
;;;;;;;;;;;;;;;;;;;;;;;;;
;;;;;;;;;;;;;;;;;;;;;;;;;
;;;;;;;;;;;;;;;;;;;;;;;;;
;;;;;;;;;;;;;;;;;;;;;;;;;
;;;;;;;;;;;;;;;;;;;;;;;;;
;;;;;;;;;;;;;;;;;;;;;;;;;
;;;;;;;;;;;;;;;;;;;;;;;;;
;;;;;;;;;;;;;;;;;;;;;;;;;
;;;;;;;;;;;;;;;;;;;;;;;;;
;;;;;;;;;;;;;;;;;;;;;;;;;
;;;;;;;;;;;;;;;;;;;;;;;;;
;;;;;;;;;;;;;;;;;;;;;;;;;
;;;;;;;;;;;;;;;;;;;;;;;;;
;;;;;;;;;;;;;;;;;;;;;;;;;
;;;;;;;;;;;;;;;;;;;;;;;;;
;;;;;;;;;;;;;;;;;;;;;;;;;
;;;;;;;;;;;;;;;;;;;;;;;;;
;;;;;;;;;;;;;;;;;;;;;;;;;
;;;;;;;;;;;;;;;;;;;;;;;;;
;;;;;;;;;;;;;;;;;;;;;;;;;
;;;;;;;;;;;;;;;;;;;;;;;;;
;;;;;;;;;;;;;;;;;;;;;;;;;
;;;;;;;;;;;;;;;;;;;;;;;;;
;;;;;;;;;;;;;;;;;;;;;;;;;
;;;;;;;;;;;;;;;;;;;;;;;;;
;;;;;;;;;;;;;;;;;;;;;;;;;
;;;;;;;;;;;;;;;;;;;;;;;;;
;;;;;;;;;;;;;;;;;;;;;;;;;
;;;;;;;;;;;;;;;;;;;;;;;;;
;;;;;;;;;;;;;;;;;;;;;;;;;
;;;;;;;;;;;;;;;;;;;;;;;;;
;;;;;;;;;;;;;;;;;;;;;;;;;
;;;;;;;;;;;;;;;;;;;;;;;;;
;;;;;;;;;;;;;;;;;;;;;;;;;
;;;;;;;;;;;;;;;;;;;;;;;;;
;;;;;;;;;;;;;;;;;;;;;;;;;
;;;;;;;;;;;;;;;;;;;;;;;;;
;;;;;;;;;;;;;;;;;;;;;;;;;
;;;;;;;;;;;;;;;;;;;;;;;;;
;;;;;;;;;;;;;;;;;;;;;;;;;
;;;;;;;;;;;;;;;;;;;;;;;;;
;;;;;;;;;;;;;;;;;;;;;;;;;
;;;;;;;;;;;;;;;;;;;;;;;;;
;;;;;;;;;;;;;;;;;;;;;;;;;
;;;;;;;;;;;;;;;;;;;;;;;;;
;;;;;;;;;;;;;;;;;;;;;;;;;
;;;;;;;;;;;;;;;;;;;;;;;;;
;;;;;;;;;;;;;;;;;;;;;;;;;
;;;;;;;;;;;;;;;;;;;;;;;;;
;;;;;;;;;;;;;;;;;;;;;;;;;
;;;;;;;;;;;;;;;;;;;;;;;;;
;;;;;;;;;;;;;;;;;;;;;;;;;
;;;;;;;;;;;;;;;;;;;;;;;;;
;;;;;;;;;;;;;;;;;;;;;;;;;
;;;;;;;;;;;;;;;;;;;;;;;;;
;;;;;;;;;;;;;;;;;;;;;;;;;
;;;;;;;;;;;;;;;;;;;;;;;;;
;;;;;;;;;;;;;;;;;;;;;;;;;
;;;;;;;;;;;;;;;;;;;;;;;;;
;;;;;;;;;;;;;;;;;;;;;;;;;
;;;;;;;;;;;;;;;;;;;;;;;;;
;;;;;;;;;;;;;;;;;;;;;;;;;
;;;;;;;;;;;;;;;;;;;;;;;;;
;;;;;;;;;;;;;;;;;;;;;;;;;
;;;;;;;;;;;;;;;;;;;;;;;;;
;;;;;;;;;;;;;;;;;;;;;;;;;
;;;;;;;;;;;;;;;;;;;;;;;;;
;;;;;;;;;;;;;;;;;;;;;;;;;
;;;;;;;;;;;;;;;;;;;;;;;;;
;;;;;;;;;;;;;;;;;;;;;;;;;
;;;;;;;;;;;;;;;;;;;;;;;;;
;;;;;;;;;;;;;;;;;;;;;;;;;
;;;;;;;;;;;;;;;;;;;;;;;;;
;;;;;;;;;;;;;;;;;;;;;;;;;
;;;;;;;;;;;;;;;;;;;;;;;;;
;;;;;;;;;;;;;;;;;;;;;;;;;
;;;;;;;;;;;;;;;;;;;;;;;;;
;;;;;;;;;;;;;;;;;;;;;;;;;
;;;;;;;;;;;;;;;;;;;;;;;;;
;;;;;;;;;;;;;;;;;;;;;;;;;
;;;;;;;;;;;;;;;;;;;;;;;;;
;;;;;;;;;;;;;;;;;;;;;;;;;
;;;;;;;;;;;;;;;;;;;;;;;;;
;;;;;;;;;;;;;;;;;;;;;;;;;
;;;;;;;;;;;;;;;;;;;;;;;;;
;;;;;;;;;;;;;;;;;;;;;;;;;
;;;;;;;;;;;;;;;;;;;;;;;;;
;;;;;;;;;;;;;;;;;;;;;;;;;
;;;;;;;;;;;;;;;;;;;;;;;;;
;;;;;;;;;;;;;;;;;;;;;;;;;
;;;;;;;;;;;;;;;;;;;;;;;;;
;;;;;;;;;;;;;;;;;;;;;;;;;
;;;;;;;;;;;;;;;;;;;;;;;;;
;;;;;;;;;;;;;;;;;;;;;;;;;
;;;;;;;;;;;;;;;;;;;;;;;;;
;;;;;;;;;;;;;;;;;;;;;;;;;
;;;;;;;;;;;;;;;;;;;;;;;;;
;;;;;;;;;;;;;;;;;;;;;;;;;
;;;;;;;;;;;;;;;;;;;;;;;;;
;;;;;;;;;;;;;;;;;;;;;;;;;
;;;;;;;;;;;;;;;;;;;;;;;;;
;;;;;;;;;;;;;;;;;;;;;;;;;
;;;;;;;;;;;;;;;;;;;;;;;;;
;;;;;;;;;;;;;;;;;;;;;;;;;
;;;;;;;;;;;;;;;;;;;;;;;;;
;;;;;;;;;;;;;;;;;;;;;;;;;
;;;;;;;;;;;;;;;;;;;;;;;;;
;;;;;;;;;;;;;;;;;;;;;;;;;
;;;;;;;;;;;;;;;;;;;;;;;;;
;;;;;;;;;;;;;;;;;;;;;;;;;
;;;;;;;;;;;;;;;;;;;;;;;;;
;;;;;;;;;;;;;;;;;;;;;;;;;
;;;;;;;;;;;;;;;;;;;;;;;;;
;;;;;;;;;;;;;;;;;;;;;;;;;
;;;;;;;;;;;;;;;;;;;;;;;;;
;;;;;;;;;;;;;;;;;;;;;;;;;
;;;;;;;;;;;;;;;;;;;;;;;;;
;;;;;;;;;;;;;;;;;;;;;;;;;
;;;;;;;;;;;;;;;;;;;;;;;;;
;;;;;;;;;;;;;;;;;;;;;;;;;
;;;;;;;;;;;;;;;;;;;;;;;;;
;;;;;;;;;;;;;;;;;;;;;;;;;
;;;;;;;;;;;;;;;;;;;;;;;;;
;;;;;;;;;;;;;;;;;;;;;;;;;
;;;;;;;;;;;;;;;;;;;;;;;;;
;;;;;;;;;;;;;;;;;;;;;;;;;
;;;;;;;;;;;;;;;;;;;;;;;;;
;;;;;;;;;;;;;;;;;;;;;;;;;
;;;;;;;;;;;;;;;;;;;;;;;;;
;;;;;;;;;;;;;;;;;;;;;;;;;
;;;;;;;;;;;;;;;;;;;;;;;;;
;;;;;;;;;;;;;;;;;;;;;;;;;
;;;;;;;;;;;;;;;;;;;;;;;;;
;;;;;;;;;;;;;;;;;;;;;;;;;
;;;;;;;;;;;;;;;;;;;;;;;;;
;;;;;;;;;;;;;;;;;;;;;;;;;
;;;;;;;;;;;;;;;;;;;;;;;;;
;;;;;;;;;;;;;;;;;;;;;;;;;
;;;;;;;;;;;;;;;;;;;;;;;;;
;;;;;;;;;;;;;;;;;;;;;;;;;
;;;;;;;;;;;;;;;;;;;;;;;;;
;;;;;;;;;;;;;;;;;;;;;;;;;
;;;;;;;;;;;;;;;;;;;;;;;;;
;;;;;;;;;;;;;;;;;;;;;;;;;
;;;;;;;;;;;;;;;;;;;;;;;;;
;;;;;;;;;;;;;;;;;;;;;;;;;
;;;;;;;;;;;;;;;;;;;;;;;;;
;;;;;;;;;;;;;;;;;;;;;;;;;
;;;;;;;;;;;;;;;;;;;;;;;;;
;;;;;;;;;;;;;;;;;;;;;;;;;
;;;;;;;;;;;;;;;;;;;;;;;;;
;;;;;;;;;;;;;;;;;;;;;;;;;
;;;;;;;;;;;;;;;;;;;;;;;;;
;;;;;;;;;;;;;;;;;;;;;;;;;
;;;;;;;;;;;;;;;;;;;;;;;;;
;;;;;;;;;;;;;;;;;;;;;;;;;
;;;;;;;;;;;;;;;;;;;;;;;;;
;;;;;;;;;;;;;;;;;;;;;;;;;
;;;;;;;;;;;;;;;;;;;;;;;;;
;;;;;;;;;;;;;;;;;;;;;;;;;
;;;;;;;;;;;;;;;;;;;;;;;;;
;;;;;;;;;;;;;;;;;;;;;;;;;
;;;;;;;;;;;;;;;;;;;;;;;;;
;;;;;;;;;;;;;;;;;;;;;;;;;
;;;;;;;;;;;;;;;;;;;;;;;;;
;;;;;;;;;;;;;;;;;;;;;;;;;
;;;;;;;;;;;;;;;;;;;;;;;;;
;;;;;;;;;;;;;;;;;;;;;;;;;
;;;;;;;;;;;;;;;;;;;;;;;;;
;;;;;;;;;;;;;;;;;;;;;;;;;
;;;;;;;;;;;;;;;;;;;;;;;;;
;;;;;;;;;;;;;;;;;;;;;;;;;
;;;;;;;;;;;;;;;;;;;;;;;;;
;;;;;;;;;;;;;;;;;;;;;;;;;
;;;;;;;;;;;;;;;;;;;;;;;;;
;;;;;;;;;;;;;;;;;;;;;;;;;
;;;;;;;;;;;;;;;;;;;;;;;;;
;;;;;;;;;;;;;;;;;;;;;;;;;
;;;;;;;;;;;;;;;;;;;;;;;;;
;;;;;;;;;;;;;;;;;;;;;;;;;
;;;;;;;;;;;;;;;;;;;;;;;;;
;;;;;;;;;;;;;;;;;;;;;;;;;
;;;;;;;;;;;;;;;;;;;;;;;;;
;;;;;;;;;;;;;;;;;;;;;;;;;
;;;;;;;;;;;;;;;;;;;;;;;;;
;;;;;;;;;;;;;;;;;;;;;;;;;
;;;;;;;;;;;;;;;;;;;;;;;;;
;;;;;;;;;;;;;;;;;;;;;;;;;
;;;;;;;;;;;;;;;;;;;;;;;;;
;;;;;;;;;;;;;;;;;;;;;;;;;
;;;;;;;;;;;;;;;;;;;;;;;;;
;;;;;;;;;;;;;;;;;;;;;;;;;
;;;;;;;;;;;;;;;;;;;;;;;;;
;;;;;;;;;;;;;;;;;;;;;;;;;
;;;;;;;;;;;;;;;;;;;;;;;;;
;;;;;;;;;;;;;;;;;;;;;;;;;
;;;;;;;;;;;;;;;;;;;;;;;;;
;;;;;;;;;;;;;;;;;;;;;;;;;
;;;;;;;;;;;;;;;;;;;;;;;;;
;;;;;;;;;;;;;;;;;;;;;;;;;
;;;;;;;;;;;;;;;;;;;;;;;;;
;;;;;;;;;;;;;;;;;;;;;;;;;
;;;;;;;;;;;;;;;;;;;;;;;;;
;;;;;;;;;;;;;;;;;;;;;;;;;
;;;;;;;;;;;;;;;;;;;;;;;;;
;;;;;;;;;;;;;;;;;;;;;;;;;
;;;;;;;;;;;;;;;;;;;;;;;;;
;;;;;;;;;;;;;;;;;;;;;;;;;
;;;;;;;;;;;;;;;;;;;;;;;;;
;;;;;;;;;;;;;;;;;;;;;;;;;
;;;;;;;;;;;;;;;;;;;;;;;;;
;;;;;;;;;;;;;;;;;;;;;;;;;
;;;;;;;;;;;;;;;;;;;;;;;;;
;;;;;;;;;;;;;;;;;;;;;;;;;
;;;;;;;;;;;;;;;;;;;;;;;;;
;;;;;;;;;;;;;;;;;;;;;;;;;
;;;;;;;;;;;;;;;;;;;;;;;;;
;;;;;;;;;;;;;;;;;;;;;;;;;
;;;;;;;;;;;;;;;;;;;;;;;;;
;;;;;;;;;;;;;;;;;;;;;;;;;
;;;;;;;;;;;;;;;;;;;;;;;;;
;;;;;;;;;;;;;;;;;;;;;;;;;
;;;;;;;;;;;;;;;;;;;;;;;;;
;;;;;;;;;;;;;;;;;;;;;;;;;
;;;;;;;;;;;;;;;;;;;;;;;;;
;;;;;;;;;;;;;;;;;;;;;;;;;
;;;;;;;;;;;;;;;;;;;;;;;;;
;;;;;;;;;;;;;;;;;;;;;;;;;
;;;;;;;;;;;;;;;;;;;;;;;;;
;;;;;;;;;;;;;;;;;;;;;;;;;
;;;;;;;;;;;;;;;;;;;;;;;;;
;;;;;;;;;;;;;;;;;;;;;;;;;
;;;;;;;;;;;;;;;;;;;;;;;;;
;;;;;;;;;;;;;;;;;;;;;;;;;
;;;;;;;;;;;;;;;;;;;;;;;;;
;;;;;;;;;;;;;;;;;;;;;;;;;
;;;;;;;;;;;;;;;;;;;;;;;;;
;;;;;;;;;;;;;;;;;;;;;;;;;
;;;;;;;;;;;;;;;;;;;;;;;;;
;;;;;;;;;;;;;;;;;;;;;;;;;
;;;;;;;;;;;;;;;;;;;;;;;;;
;;;;;;;;;;;;;;;;;;;;;;;;;
;;;;;;;;;;;;;;;;;;;;;;;;;
;;;;;;;;;;;;;;;;;;;;;;;;;
;;;;;;;;;;;;;;;;;;;;;;;;;
;;;;;;;;;;;;;;;;;;;;;;;;;
;;;;;;;;;;;;;;;;;;;;;;;;;
;;;;;;;;;;;;;;;;;;;;;;;;;
;;;;;;;;;;;;;;;;;;;;;;;;;
;;;;;;;;;;;;;;;;;;;;;;;;;
;;;;;;;;;;;;;;;;;;;;;;;;;
;;;;;;;;;;;;;;;;;;;;;;;;;
;;;;;;;;;;;;;;;;;;;;;;;;;
;;;;;;;;;;;;;;;;;;;;;;;;;
;;;;;;;;;;;;;;;;;;;;;;;;;
;;;;;;;;;;;;;;;;;;;;;;;;;
;;;;;;;;;;;;;;;;;;;;;;;;;
;;;;;;;;;;;;;;;;;;;;;;;;;
;;;;;;;;;;;;;;;;;;;;;;;;;
;;;;;;;;;;;;;;;;;;;;;;;;;
;;;;;;;;;;;;;;;;;;;;;;;;;
;;;;;;;;;;;;;;;;;;;;;;;;;
;;;;;;;;;;;;;;;;;;;;;;;;;
;;;;;;;;;;;;;;;;;;;;;;;;;
;;;;;;;;;;;;;;;;;;;;;;;;;
;;;;;;;;;;;;;;;;;;;;;;;;;
;;;;;;;;;;;;;;;;;;;;;;;;;
;;;;;;;;;;;;;;;;;;;;;;;;;
;;;;;;;;;;;;;;;;;;;;;;;;;
;;;;;;;;;;;;;;;;;;;;;;;;;
;;;;;;;;;;;;;;;;;;;;;;;;;
;;;;;;;;;;;;;;;;;;;;;;;;;
;;;;;;;;;;;;;;;;;;;;;;;;;
;;;;;;;;;;;;;;;;;;;;;;;;;
;;;;;;;;;;;;;;;;;;;;;;;;;
;;;;;;;;;;;;;;;;;;;;;;;;;
;;;;;;;;;;;;;;;;;;;;;;;;;
;;;;;;;;;;;;;;;;;;;;;;;;;
;;;;;;;;;;;;;;;;;;;;;;;;;
;;;;;;;;;;;;;;;;;;;;;;;;;
;;;;;;;;;;;;;;;;;;;;;;;;;
;;;;;;;;;;;;;;;;;;;;;;;;;
;;;;;;;;;;;;;;;;;;;;;;;;;
;;;;;;;;;;;;;;;;;;;;;;;;;
;;;;;;;;;;;;;;;;;;;;;;;;;
;;;;;;;;;;;;;;;;;;;;;;;;;
;;;;;;;;;;;;;;;;;;;;;;;;;
;;;;;;;;;;;;;;;;;;;;;;;;;
;;;;;;;;;;;;;;;;;;;;;;;;;
;;;;;;;;;;;;;;;;;;;;;;;;;
;;;;;;;;;;;;;;;;;;;;;;;;;
;;;;;;;;;;;;;;;;;;;;;;;;;
;;;;;;;;;;;;;;;;;;;;;;;;;
;;;;;;;;;;;;;;;;;;;;;;;;;
;;;;;;;;;;;;;;;;;;;;;;;;;
;;;;;;;;;;;;;;;;;;;;;;;;;
;;;;;;;;;;;;;;;;;;;;;;;;;
;;;;;;;;;;;;;;;;;;;;;;;;;
;;;;;;;;;;;;;;;;;;;;;;;;;
;;;;;;;;;;;;;;;;;;;;;;;;;
;;;;;;;;;;;;;;;;;;;;;;;;;
;;;;;;;;;;;;;;;;;;;;;;;;;
;;;;;;;;;;;;;;;;;;;;;;;;;
;;;;;;;;;;;;;;;;;;;;;;;;;
;;;;;;;;;;;;;;;;;;;;;;;;;
;;;;;;;;;;;;;;;;;;;;;;;;;
;;;;;;;;;;;;;;;;;;;;;;;;;
;;;;;;;;;;;;;;;;;;;;;;;;;
;;;;;;;;;;;;;;;;;;;;;;;;;
;;;;;;;;;;;;;;;;;;;;;;;;;
;;;;;;;;;;;;;;;;;;;;;;;;;
;;;;;;;;;;;;;;;;;;;;;;;;;
;;;;;;;;;;;;;;;;;;;;;;;;;
;;;;;;;;;;;;;;;;;;;;;;;;;
;;;;;;;;;;;;;;;;;;;;;;;;;
;;;;;;;;;;;;;;;;;;;;;;;;;
;;;;;;;;;;;;;;;;;;;;;;;;;
;;;;;;;;;;;;;;;;;;;;;;;;;
;;;;;;;;;;;;;;;;;;;;;;;;;
;;;;;;;;;;;;;;;;;;;;;;;;;
;;;;;;;;;;;;;;;;;;;;;;;;;
;;;;;;;;;;;;;;;;;;;;;;;;;
;;;;;;;;;;;;;;;;;;;;;;;;;
;;;;;;;;;;;;;;;;;;;;;;;;;
;;;;;;;;;;;;;;;;;;;;;;;;;
;;;;;;;;;;;;;;;;;;;;;;;;;
;;;;;;;;;;;;;;;;;;;;;;;;;
;;;;;;;;;;;;;;;;;;;;;;;;;
;;;;;;;;;;;;;;;;;;;;;;;;;
;;;;;;;;;;;;;;;;;;;;;;;;;
;;;;;;;;;;;;;;;;;;;;;;;;;
;;;;;;;;;;;;;;;;;;;;;;;;;
;;;;;;;;;;;;;;;;;;;;;;;;;
;;;;;;;;;;;;;;;;;;;;;;;;;
;;;;;;;;;;;;;;;;;;;;;;;;;
;;;;;;;;;;;;;;;;;;;;;;;;;
;;;;;;;;;;;;;;;;;;;;;;;;;
;;;;;;;;;;;;;;;;;;;;;;;;;
;;;;;;;;;;;;;;;;;;;;;;;;;
;;;;;;;;;;;;;;;;;;;;;;;;;
;;;;;;;;;;;;;;;;;;;;;;;;;
;;;;;;;;;;;;;;;;;;;;;;;;;
;;;;;;;;;;;;;;;;;;;;;;;;;
;;;;;;;;;;;;;;;;;;;;;;;;;
;;;;;;;;;;;;;;;;;;;;;;;;;
;;;;;;;;;;;;;;;;;;;;;;;;;
;;;;;;;;;;;;;;;;;;;;;;;;;
;;;;;;;;;;;;;;;;;;;;;;;;;
;;;;;;;;;;;;;;;;;;;;;;;;;
;;;;;;;;;;;;;;;;;;;;;;;;;
;;;;;;;;;;;;;;;;;;;;;;;;;
;;;;;;;;;;;;;;;;;;;;;;;;;
;;;;;;;;;;;;;;;;;;;;;;;;;
;;;;;;;;;;;;;;;;;;;;;;;;;
;;;;;;;;;;;;;;;;;;;;;;;;;
;;;;;;;;;;;;;;;;;;;;;;;;;
;;;;;;;;;;;;;;;;;;;;;;;;;
;;;;;;;;;;;;;;;;;;;;;;;;;
;;;;;;;;;;;;;;;;;;;;;;;;;
;;;;;;;;;;;;;;;;;;;;;;;;;
;;;;;;;;;;;;;;;;;;;;;;;;;
;;;;;;;;;;;;;;;;;;;;;;;;;
;;;;;;;;;;;;;;;;;;;;;;;;;
;;;;;;;;;;;;;;;;;;;;;;;;;
;;;;;;;;;;;;;;;;;;;;;;;;;
;;;;;;;;;;;;;;;;;;;;;;;;;
;;;;;;;;;;;;;;;;;;;;;;;;;
;;;;;;;;;;;;;;;;;;;;;;;;;
;;;;;;;;;;;;;;;;;;;;;;;;;
;;;;;;;;;;;;;;;;;;;;;;;;;
;;;;;;;;;;;;;;;;;;;;;;;;;
;;;;;;;;;;;;;;;;;;;;;;;;;
;;;;;;;;;;;;;;;;;;;;;;;;;
;;;;;;;;;;;;;;;;;;;;;;;;;
;;;;;;;;;;;;;;;;;;;;;;;;;
;;;;;;;;;;;;;;;;;;;;;;;;;
;;;;;;;;;;;;;;;;;;;;;;;;;
;;;;;;;;;;;;;;;;;;;;;;;;;
;;;;;;;;;;;;;;;;;;;;;;;;;
;;;;;;;;;;;;;;;;;;;;;;;;;
;;;;;;;;;;;;;;;;;;;;;;;;;
;;;;;;;;;;;;;;;;;;;;;;;;;
;;;;;;;;;;;;;;;;;;;;;;;;;
;;;;;;;;;;;;;;;;;;;;;;;;;
;;;;;;;;;;;;;;;;;;;;;;;;;
;;;;;;;;;;;;;;;;;;;;;;;;;
;;;;;;;;;;;;;;;;;;;;;;;;;
;;;;;;;;;;;;;;;;;;;;;;;;;
;;;;;;;;;;;;;;;;;;;;;;;;;
;;;;;;;;;;;;;;;;;;;;;;;;;
;;;;;;;;;;;;;;;;;;;;;;;;;
;;;;;;;;;;;;;;;;;;;;;;;;;
;;;;;;;;;;;;;;;;;;;;;;;;;
;;;;;;;;;;;;;;;;;;;;;;;;;
;;;;;;;;;;;;;;;;;;;;;;;;;
;;;;;;;;;;;;;;;;;;;;;;;;;
;;;;;;;;;;;;;;;;;;;;;;;;;
;;;;;;;;;;;;;;;;;;;;;;;;;
;;;;;;;;;;;;;;;;;;;;;;;;;
;;;;;;;;;;;;;;;;;;;;;;;;;
;;;;;;;;;;;;;;;;;;;;;;;;;
;;;;;;;;;;;;;;;;;;;;;;;;;
;;;;;;;;;;;;;;;;;;;;;;;;;
;;;;;;;;;;;;;;;;;;;;;;;;;
;;;;;;;;;;;;;;;;;;;;;;;;;
;;;;;;;;;;;;;;;;;;;;;;;;;
;;;;;;;;;;;;;;;;;;;;;;;;;
